frame_index,timestamp,character_x,character_y,character_facing,character_confidence,monster_count,monster_centers,a_wave_state,a_wave_direction,a_wave_confidence,a_wave_provenance,registration_ok,registration_confidence,quality_flags
0,0.0,,,unknown,0.0,1,"[[532.0, 701.0]]",unknown,unknown,0.0,visual,True,1.0,character_not_visible;wave_character_missing
53,2.0073,,,unknown,0.0,0,[],unknown,unknown,0.0,visual,True,1.0,character_not_visible;wave_character_missing
108,4.021533,,,unknown,0.0,1,"[[260.0, 485.0]]",unknown,unknown,0.0,visual,True,1.0,character_not_visible;wave_character_missing
163,6.042733,,,left,0.55,2,"[[451.0, 673.0], [306.0, 687.0]]",unknown,unknown,0.0,visual,True,1.0,character_not_visible;wave_character_missing
215,8.091667,,,left,0.55,5,"[[1388.0, 891.0], [203.0, 547.0], [418.0, 535.0], [556.0, 537.0], [1761.0, 887.0]]",unknown,unknown,0.0,visual,True,1.0,character_not_visible;wave_character_missing
270,10.105933,,,right,0.55,5,"[[424.0, 247.0], [1156.0, 815.0], [1512.0, 813.0], [586.0, 449.0], [1682.0, 817.0]]",unknown,unknown,0.0,visual,True,1.0,character_not_visible;wave_character_missing
324,12.1271,,,right,0.55,2,"[[456.0, 399.0], [253.0, 401.0]]",unknown,unknown,0.0,visual,True,1.0,character_not_visible;wave_character_missing
379,14.1344,,,unknown,0.0,2,"[[418.0, 723.0], [94.0, 717.0]]",unknown,unknown,0.0,visual,True,1.0,character_not_visible;wave_character_missing
434,16.141667,,,left,0.55,0,[],unknown,unknown,0.0,visual,True,1.0,character_not_visible;wave_character_missing
488,18.162867,,,unknown,0.0,1,"[[1634.0, 725.0]]",unknown,unknown,0.0,visual,True,1.0,character_not_visible;wave_character_missing
542,20.1771,,,unknown,0.0,2,"[[460.0, 379.0], [1306.0, 733.0]]",unknown,unknown,0.0,visual,True,1.0,character_not_visible;wave_character_missing
593,22.1913,,,unknown,0.0,0,[],unknown,unknown,0.0,visual,True,1.0,character_not_visible;wave_character_missing
646,24.191667,,,unknown,0.0,1,"[[356.0, 571.0]]",unknown,unknown,0.0,visual,True,1.0,character_not_visible;wave_character_missing
699,26.192,,,unknown,0.0,1,"[[1112.0, 879.0]]",unknown,unknown,0.0,visual,True,1.0,character_not_visible;wave_character_missing
751,28.227067,,,left,0.55,0,[],unknown,unknown,0.0,visual,True,1.0,character_not_visible;wave_character_missing
799,30.234367,,,right,0.55,2,"[[187.0, 449.0], [780.0, 811.0]]",unknown,unknown,0.0,visual,True,1.0,character_not_visible;wave_character_missing
852,32.255533,,,unknown,0.0,2,"[[454.0, 237.0], [201.0, 443.0]]",unknown,unknown,0.0,visual,True,1.0,character_not_visible;wave_character_missing
905,34.269767,,,unknown,0.0,3,"[[1398.0, 803.0], [496.0, 445.0], [266.0, 803.0]]",unknown,unknown,0.0,visual,True,1.0,character_not_visible;wave_character_missing
958,36.277067,,,unknown,0.0,2,"[[924.0, 807.0], [1398.0, 805.0]]",unknown,unknown,0.0,visual,True,1.0,character_not_visible;wave_character_missing
1010,38.284367,,,unknown,0.0,0,[],unknown,unknown,0.0,visual,True,1.0,character_not_visible;wave_character_missing
1066,40.3125,,,unknown,0.0,3,"[[386.0, 445.0], [648.0, 697.0], [1355.0, 809.0]]",unknown,unknown,0.0,visual,True,1.0,character_not_visible;wave_character_missing
1119,42.326733,,,right,0.55,0,[],unknown,unknown,0.0,visual,True,1.0,character_not_visible;wave_character_missing
1175,44.327067,,,left,0.55,1,"[[541.0, 229.0]]",unknown,unknown,0.0,visual,True,1.0,character_not_visible;wave_character_missing
1228,46.3274,,,right,0.55,1,"[[952.0, 809.0]]",unknown,unknown,0.0,visual,True,1.0,character_not_visible;wave_character_missing
1283,48.3347,,,right,0.55,0,[],unknown,unknown,0.0,visual,True,1.0,character_not_visible;wave_character_missing
1337,50.383667,,,left,0.55,0,[],unknown,unknown,0.0,visual,True,1.0,character_not_visible;wave_character_missing
1389,52.384,,,left,0.55,0,[],unknown,unknown,0.0,visual,True,1.0,character_not_visible;wave_character_missing
1443,54.3913,,,left,0.55,0,[],unknown,unknown,0.0,visual,True,1.0,character_not_visible;wave_character_missing
1496,56.3986,,,left,0.55,0,[],unknown,unknown,0.0,visual,True,1.0,character_not_visible;wave_character_missing
1551,58.405867,,,left,0.55,1,"[[539.0, 203.0]]",unknown,unknown,0.0,visual,True,1.0,character_not_visible;wave_character_missing
1606,60.434,,,unknown,0.0,0,[],unknown,unknown,0.0,visual,True,1.0,character_not_visible;wave_character_missing
1658,62.434333,,,right,0.55,4,"[[744.0, 777.0], [1398.0, 783.0], [1066.0, 777.0], [604.0, 663.0]]",unknown,unknown,0.0,visual,True,1.0,character_not_visible;wave_character_missing
1711,64.4486,,,right,0.55,0,[],unknown,unknown,0.0,visual,True,1.0,character_not_visible;wave_character_missing
1764,66.462833,,,right,0.55,1,"[[1296.0, 725.0]]",unknown,unknown,0.0,visual,True,1.0,character_not_visible;wave_character_missing
1818,68.4701,,,left,0.55,0,[],unknown,unknown,0.0,visual,True,1.0,character_not_visible;wave_character_missing
1872,70.4774,,,left,0.55,0,[],unknown,unknown,0.0,visual,True,1.0,character_not_visible;wave_character_missing
1925,72.477733,,,left,0.55,3,"[[1548.0, 725.0], [612.0, 365.0], [1418.0, 725.0]]",unknown,unknown,0.0,visual,True,1.0,character_not_visible;wave_character_missing
1981,74.498933,,,left,0.55,2,"[[1164.0, 725.0], [1347.0, 711.0]]",unknown,unknown,0.0,visual,True,1.0,character_not_visible;wave_character_missing
2034,76.527033,,,right,0.55,1,"[[563.0, 191.0]]",unknown,unknown,0.0,visual,True,1.0,character_not_visible;wave_character_missing
2088,78.5274,,,unknown,0.0,0,[],unknown,unknown,0.0,visual,True,1.0,character_not_visible;wave_character_missing
2141,80.555533,,,right,0.55,0,[],unknown,unknown,0.0,visual,True,1.0,character_not_visible;wave_character_missing
2193,82.5628,718.0,674.0,right,0.1282,1,"[[964.0, 661.0]]",inactive,inactive,0.6188,visual,True,1.0,
2247,84.584,,,right,0.55,0,[],unknown,unknown,0.0,visual,True,1.0,character_not_visible;wave_character_missing
2299,86.619067,,,right,0.55,1,"[[964.0, 729.0]]",unknown,unknown,0.0,visual,True,1.0,character_not_visible;wave_character_missing
2352,88.674967,,,unknown,0.0,2,"[[414.0, 609.0], [622.0, 611.0]]",unknown,unknown,0.0,visual,True,1.0,character_not_visible;wave_character_missing
2404,90.6753,,,left,0.55,0,[],unknown,unknown,0.0,visual,True,1.0,character_not_visible;wave_character_missing
2458,92.675633,,,left,0.55,0,[],unknown,unknown,0.0,visual,True,1.0,character_not_visible;wave_character_missing
2510,94.696833,,,left,0.55,2,"[[1608.0, 727.0], [1246.0, 735.0]]",unknown,unknown,0.0,visual,True,1.0,character_not_visible;wave_character_missing
2561,96.724967,,,left,0.55,1,"[[1212.0, 767.0]]",unknown,unknown,0.0,visual,True,1.0,character_not_visible;wave_character_missing
2614,98.7253,,,unknown,0.0,3,"[[1390.0, 821.0], [610.0, 253.0], [686.0, 819.0]]",unknown,unknown,0.0,visual,True,1.0,character_not_visible;wave_character_missing
2664,100.725633,,,unknown,0.0,1,"[[614.0, 901.0]]",unknown,unknown,0.0,visual,True,1.0,character_not_visible;wave_character_missing
2720,102.753767,,,unknown,0.0,0,[],unknown,unknown,0.0,visual,True,1.0,character_not_visible;wave_character_missing
2775,104.802733,,,unknown,0.0,0,[],unknown,unknown,0.0,visual,True,1.0,character_not_visible;wave_character_missing
2826,106.8239,,,unknown,0.0,2,"[[676.0, 829.0], [492.0, 817.0]]",unknown,unknown,0.0,visual,True,1.0,character_not_visible;wave_character_missing
2878,108.858967,,,unknown,0.0,0,[],unknown,unknown,0.0,visual,True,1.0,character_not_visible;wave_character_missing
2926,110.894033,,,left,0.55,0,[],unknown,unknown,0.0,visual,True,1.0,character_not_visible;wave_character_missing
2982,112.915233,256.0,683.0,right,0.4838,3,"[[390.0, 703.0], [385.0, 493.0], [214.0, 481.0]]",inactive,inactive,0.75,visual,True,1.0,
3036,114.922533,,,right,0.55,0,[],unknown,unknown,0.0,visual,True,1.0,character_not_visible;wave_character_missing
3087,116.922867,,,unknown,0.0,1,"[[1221.0, 803.0]]",unknown,unknown,0.0,visual,True,1.0,character_not_visible;wave_character_missing
3140,118.930133,,,unknown,0.0,1,"[[780.0, 799.0]]",unknown,unknown,0.0,visual,True,1.0,character_not_visible;wave_character_missing
3193,120.9305,,,right,0.55,1,"[[434.0, 397.0]]",unknown,unknown,0.0,visual,True,1.0,character_not_visible;wave_character_missing
3249,122.9517,,,left,0.55,0,[],unknown,unknown,0.0,visual,True,1.0,character_not_visible;wave_character_missing
3304,124.986767,,,left,0.55,0,[],unknown,unknown,0.0,visual,True,1.0,character_not_visible;wave_character_missing
3360,127.007933,,,left,0.55,0,[],unknown,unknown,0.0,visual,True,1.0,character_not_visible;wave_character_missing
3414,129.029133,,,left,0.55,0,[],unknown,unknown,0.0,visual,True,1.0,character_not_visible;wave_character_missing
3468,131.029467,,,left,0.55,1,"[[1182.0, 769.0]]",unknown,unknown,0.0,visual,True,1.0,character_not_visible;wave_character_missing
3521,133.050633,,,unknown,0.0,2,"[[1396.0, 769.0], [1092.0, 765.0]]",unknown,unknown,0.0,visual,True,1.0,character_not_visible;wave_character_missing
3573,135.051,,,unknown,0.0,3,"[[1074.0, 647.0], [528.0, 199.0], [1208.0, 769.0]]",unknown,unknown,0.0,visual,True,1.0,character_not_visible;wave_character_missing
3625,137.058267,,,right,0.55,2,"[[1400.0, 761.0], [1100.0, 761.0]]",unknown,unknown,0.0,visual,True,1.0,character_not_visible;wave_character_missing
3677,139.065567,,,right,0.55,1,"[[456.0, 407.0]]",unknown,unknown,0.0,visual,True,1.0,character_not_visible;wave_character_missing
3732,141.0659,,,left,0.55,1,"[[1006.0, 721.0]]",unknown,unknown,0.0,visual,True,1.0,character_not_visible;wave_character_missing
3783,143.066267,,,left,0.55,0,[],unknown,unknown,0.0,visual,True,1.0,character_not_visible;wave_character_missing
3837,145.0805,,,left,0.55,1,"[[1400.0, 751.0]]",unknown,unknown,0.0,visual,True,1.0,character_not_visible;wave_character_missing
3889,147.087767,,,unknown,0.0,3,"[[502.0, 381.0], [590.0, 173.0], [1358.0, 737.0]]",unknown,unknown,0.0,visual,True,1.0,character_not_visible;wave_character_missing
3945,149.102,,,left,0.55,2,"[[1056.0, 769.0], [680.0, 771.0]]",unknown,unknown,0.0,visual,True,1.0,character_not_visible;wave_character_missing
3999,151.130133,,,unknown,0.0,1,"[[724.0, 763.0]]",unknown,unknown,0.0,visual,True,1.0,character_not_visible;wave_character_missing
4049,153.1513,196.0,647.0,right,0.1349,1,"[[348.0, 413.0]]",inactive,inactive,0.5312,visual,True,1.0,
4103,155.1725,,,right,0.55,2,"[[578.0, 215.0], [916.0, 771.0]]",unknown,unknown,0.0,visual,True,1.0,character_not_visible;wave_character_missing
4157,157.200633,,,left,0.55,1,"[[942.0, 737.0]]",unknown,unknown,0.0,visual,True,1.0,character_not_visible;wave_character_missing
4211,159.214867,,,left,0.55,0,[],unknown,unknown,0.0,visual,True,1.0,character_not_visible;wave_character_missing
4267,161.277733,,,left,0.55,1,"[[636.0, 367.0]]",unknown,unknown,0.0,visual,True,1.0,character_not_visible;wave_character_missing
4321,163.291967,,,left,0.55,0,[],unknown,unknown,0.0,visual,True,1.0,character_not_visible;wave_character_missing
4377,165.320067,,,unknown,0.0,0,[],unknown,unknown,0.0,visual,True,1.0,character_not_visible;wave_character_missing
4431,167.341267,,,unknown,0.0,1,"[[437.0, 211.0]]",unknown,unknown,0.0,visual,True,1.0,character_not_visible;wave_character_missing
4483,169.376333,,,right,0.55,2,"[[496.0, 229.0], [992.0, 787.0]]",unknown,unknown,0.0,visual,True,1.0,character_not_visible;wave_character_missing
4538,171.3975,,,right,0.55,1,"[[106.0, 751.0]]",unknown,unknown,0.0,visual,True,1.0,character_not_visible;wave_character_missing
4592,173.425633,,,right,0.55,0,[],unknown,unknown,0.0,visual,True,1.0,character_not_visible;wave_character_missing
4643,175.432933,,,left,0.55,2,"[[878.0, 723.0], [180.0, 723.0]]",unknown,unknown,0.0,visual,True,1.0,character_not_visible;wave_character_missing
4695,177.433267,,,unknown,0.0,1,"[[268.0, 725.0]]",unknown,unknown,0.0,visual,True,1.0,character_not_visible;wave_character_missing
4751,179.454467,,,unknown,0.0,3,"[[1540.0, 743.0], [112.0, 723.0], [1376.0, 729.0]]",unknown,unknown,0.0,visual,True,1.0,character_not_visible;wave_character_missing
4803,181.482567,,,unknown,0.0,1,"[[514.0, 211.0]]",unknown,unknown,0.0,visual,True,1.0,character_not_visible;wave_character_missing
4856,183.4829,316.0,641.0,right,0.1815,1,"[[1224.0, 757.0]]",active,right,0.98,visual,True,1.0,
4908,185.497167,,,unknown,0.0,1,"[[836.0, 765.0]]",unknown,unknown,0.0,visual,True,1.0,character_not_visible;wave_character_missing
4961,187.539167,,,unknown,0.0,1,"[[452.0, 403.0]]",unknown,unknown,0.0,visual,True,1.0,character_not_visible;wave_character_missing
5016,189.560367,,,right,0.55,2,"[[596.0, 407.0], [329.0, 393.0]]",unknown,unknown,0.0,visual,True,1.0,character_not_visible;wave_character_missing
5071,191.588467,,,right,0.55,1,"[[1674.0, 717.0]]",unknown,unknown,0.0,visual,True,1.0,character_not_visible;wave_character_missing
5126,193.6166,,,left,0.55,0,[],unknown,unknown,0.0,visual,True,1.0,character_not_visible;wave_character_missing
5179,195.630833,,,left,0.55,0,[],unknown,unknown,0.0,visual,True,1.0,character_not_visible;wave_character_missing
5234,197.6312,,,left,0.55,3,"[[1530.0, 753.0], [496.0, 391.0], [266.0, 749.0]]",unknown,unknown,0.0,visual,True,1.0,character_not_visible;wave_character_missing
5287,199.638467,,,left,0.55,3,"[[1114.0, 639.0], [863.0, 739.0], [496.0, 393.0]]",unknown,unknown,0.0,visual,True,1.0,character_not_visible;wave_character_missing
5339,201.638833,,,left,0.55,0,[],unknown,unknown,0.0,visual,True,1.0,character_not_visible;wave_character_missing
5392,203.653067,,,unknown,0.0,1,"[[404.0, 411.0]]",unknown,unknown,0.0,visual,True,1.0,character_not_visible;wave_character_missing
5446,205.674233,,,unknown,0.0,0,[],unknown,unknown,0.0,visual,True,1.0,character_not_visible;wave_character_missing
5500,207.688467,,,right,0.55,1,"[[553.0, 421.0]]",unknown,unknown,0.0,visual,True,1.0,character_not_visible;wave_character_missing
5553,209.7027,,,right,0.55,0,[],unknown,unknown,0.0,visual,True,1.0,character_not_visible;wave_character_missing
5608,211.703033,,,left,0.55,0,[],unknown,unknown,0.0,visual,True,1.0,character_not_visible;wave_character_missing
5662,213.7381,,,left,0.55,2,"[[336.0, 609.0], [204.0, 725.0]]",unknown,unknown,0.0,visual,True,1.0,character_not_visible;wave_character_missing
5717,215.752367,,,left,0.55,2,"[[228.0, 725.0], [76.0, 725.0]]",unknown,unknown,0.0,visual,True,1.0,character_not_visible;wave_character_missing
5769,217.759633,,,unknown,0.0,1,"[[620.0, 403.0]]",unknown,unknown,0.0,visual,True,1.0,character_not_visible;wave_character_missing
5823,219.780833,,,right,0.55,2,"[[532.0, 193.0], [708.0, 761.0]]",unknown,unknown,0.0,visual,True,1.0,character_not_visible;wave_character_missing
5877,221.795067,,,unknown,0.0,1,"[[588.0, 761.0]]",unknown,unknown,0.0,visual,True,1.0,character_not_visible;wave_character_missing
5930,223.816233,,,right,0.55,1,"[[564.0, 187.0]]",unknown,unknown,0.0,visual,True,1.0,character_not_visible;wave_character_missing
5980,225.823533,,,right,0.55,3,"[[558.0, 213.0], [1414.0, 783.0], [918.0, 783.0]]",unknown,unknown,0.0,visual,True,1.0,character_not_visible;wave_character_missing
6036,227.8447,,,right,0.55,0,[],unknown,unknown,0.0,visual,True,1.0,character_not_visible;wave_character_missing
6090,229.872833,,,left,0.55,0,[],unknown,unknown,0.0,visual,True,1.0,character_not_visible;wave_character_missing
6141,231.8732,,,left,0.55,0,[],unknown,unknown,0.0,visual,True,1.0,character_not_visible;wave_character_missing
6196,233.873533,,,left,0.55,2,"[[482.0, 717.0], [1434.0, 723.0]]",unknown,unknown,0.0,visual,True,1.0,character_not_visible;wave_character_missing
6248,235.873867,,,left,0.55,1,"[[566.0, 179.0]]",unknown,unknown,0.0,visual,True,1.0,character_not_visible;wave_character_missing
6302,237.8742,,,unknown,0.0,0,[],unknown,unknown,0.0,visual,True,1.0,character_not_visible;wave_character_missing
6355,239.895367,,,unknown,0.0,1,"[[190.0, 401.0]]",unknown,unknown,0.0,visual,True,1.0,character_not_visible;wave_character_missing
6408,241.9096,,,unknown,0.0,0,[],unknown,unknown,0.0,visual,True,1.0,character_not_visible;wave_character_missing
6459,243.9308,,,right,0.55,0,[],unknown,unknown,0.0,visual,True,1.0,character_not_visible;wave_character_missing
6510,245.945033,,,right,0.55,1,"[[993.0, 711.0]]",unknown,unknown,0.0,visual,True,1.0,character_not_visible;wave_character_missing
6563,247.973167,,,left,0.55,0,[],unknown,unknown,0.0,visual,True,1.0,character_not_visible;wave_character_missing
6619,249.994367,,,left,0.55,2,"[[126.0, 723.0], [1680.0, 725.0]]",unknown,unknown,0.0,visual,True,1.0,character_not_visible;wave_character_missing
6673,252.001633,,,left,0.55,2,"[[1622.0, 725.0], [292.0, 719.0]]",unknown,unknown,0.0,visual,True,1.0,character_not_visible;wave_character_missing
6726,254.001967,,,right,0.55,4,"[[1084.0, 725.0], [545.0, 353.0], [1630.0, 717.0], [1332.0, 723.0]]",unknown,unknown,0.0,visual,True,1.0,character_not_visible;wave_character_missing
6779,256.009267,,,right,0.55,3,"[[481.0, 633.0], [954.0, 761.0], [706.0, 761.0]]",unknown,unknown,0.0,visual,True,1.0,character_not_visible;wave_character_missing
6834,258.0235,,,unknown,0.0,1,"[[576.0, 761.0]]",unknown,unknown,0.0,visual,True,1.0,character_not_visible;wave_character_missing
6886,260.030767,,,unknown,0.0,0,[],unknown,unknown,0.0,visual,True,1.0,character_not_visible;wave_character_missing
6939,262.0867,,,right,0.55,3,"[[550.0, 403.0], [1064.0, 761.0], [758.0, 761.0]]",unknown,unknown,0.0,visual,True,1.0,character_not_visible;wave_character_missing
6993,264.087067,,,right,0.55,1,"[[1392.0, 725.0]]",unknown,unknown,0.0,visual,True,1.0,character_not_visible;wave_character_missing
7047,266.0874,,,left,0.55,1,"[[706.0, 571.0]]",unknown,unknown,0.0,visual,True,1.0,character_not_visible;wave_character_missing
7102,268.108567,,,left,0.55,1,"[[204.0, 607.0]]",unknown,unknown,0.0,visual,True,1.0,character_not_visible;wave_character_missing
7154,270.157533,,,left,0.55,2,"[[516.0, 219.0], [667.0, 401.0]]",unknown,unknown,0.0,visual,True,1.0,character_not_visible;wave_character_missing
7206,272.185667,,,left,0.55,1,"[[1127.0, 777.0]]",unknown,unknown,0.0,visual,True,1.0,character_not_visible;wave_character_missing
7259,274.186,,,unknown,0.0,1,"[[560.0, 235.0]]",unknown,unknown,0.0,visual,True,1.0,character_not_visible;wave_character_missing
7314,276.2072,,,unknown,0.0,2,"[[1438.0, 787.0], [288.0, 433.0]]",unknown,unknown,0.0,visual,True,1.0,character_not_visible;wave_character_missing
7365,278.207533,,,right,0.55,1,"[[1340.0, 791.0]]",unknown,unknown,0.0,visual,True,1.0,character_not_visible;wave_character_missing
7417,280.207867,,,right,0.55,0,[],unknown,unknown,0.0,visual,True,1.0,character_not_visible;wave_character_missing
7472,282.2221,,,left,0.55,1,"[[572.0, 609.0]]",unknown,unknown,0.0,visual,True,1.0,character_not_visible;wave_character_missing
7527,284.222467,,,left,0.55,0,[],unknown,unknown,0.0,visual,True,1.0,character_not_visible;wave_character_missing
7582,286.243633,,,left,0.55,1,"[[230.0, 725.0]]",unknown,unknown,0.0,visual,True,1.0,character_not_visible;wave_character_missing
7635,288.250933,,,left,0.55,2,"[[1682.0, 717.0], [1470.0, 719.0]]",unknown,unknown,0.0,visual,True,1.0,character_not_visible;wave_character_missing
7687,290.2721,,,unknown,0.0,1,"[[1288.0, 755.0]]",unknown,unknown,0.0,visual,True,1.0,character_not_visible;wave_character_missing
7739,292.272467,392.0,631.0,right,0.2558,0,[],inactive,inactive,0.75,visual,True,1.0,
7790,294.2867,,,unknown,0.0,0,[],unknown,unknown,0.0,visual,True,1.0,character_not_visible;wave_character_missing
7842,296.287033,,,unknown,0.0,2,"[[313.0, 407.0], [1512.0, 751.0]]",unknown,unknown,0.0,visual,True,1.0,character_not_visible;wave_character_missing
7895,298.294333,,,right,0.55,4,"[[590.0, 199.0], [1701.0, 765.0], [1364.0, 755.0], [437.0, 185.0]]",unknown,unknown,0.0,visual,True,1.0,character_not_visible;wave_character_missing
7948,300.322433,,,left,0.55,1,"[[1486.0, 725.0]]",unknown,unknown,0.0,visual,True,1.0,character_not_visible;wave_character_missing
8002,302.3367,,,unknown,0.0,0,[],unknown,unknown,0.0,visual,True,1.0,character_not_visible;wave_character_missing
8055,304.3509,,,left,0.55,2,"[[200.0, 717.0], [1444.0, 725.0]]",unknown,unknown,0.0,visual,True,1.0,character_not_visible;wave_character_missing
8109,306.3721,,,right,0.55,0,[],unknown,unknown,0.0,visual,True,1.0,character_not_visible;wave_character_missing
8160,308.372433,,,unknown,0.0,2,"[[577.0, 409.0], [514.0, 203.0]]",unknown,unknown,0.0,visual,True,1.0,character_not_visible;wave_character_missing
8214,310.400567,,,unknown,0.0,2,"[[1032.0, 749.0], [1398.0, 755.0]]",unknown,unknown,0.0,visual,True,1.0,character_not_visible;wave_character_missing
8266,312.4148,,,left,0.55,3,"[[476.0, 191.0], [438.0, 397.0], [1456.0, 757.0]]",unknown,unknown,0.0,visual,True,1.0,character_not_visible;wave_character_missing
8320,314.436,,,unknown,0.0,0,[],unknown,unknown,0.0,visual,True,1.0,character_not_visible;wave_character_missing
8374,316.450233,,,right,0.55,1,"[[1590.0, 781.0]]",unknown,unknown,0.0,visual,True,1.0,character_not_visible;wave_character_missing
8429,318.4714,,,left,0.55,1,"[[1769.0, 711.0]]",unknown,unknown,0.0,visual,True,1.0,character_not_visible;wave_character_missing
8484,320.485633,,,unknown,0.0,0,[],unknown,unknown,0.0,visual,True,1.0,character_not_visible;wave_character_missing
8538,322.513767,,,left,0.55,0,[],unknown,unknown,0.0,visual,True,1.0,character_not_visible;wave_character_missing
8587,324.521067,,,unknown,0.0,6,"[[266.0, 723.0], [846.0, 725.0], [516.0, 367.0], [1398.0, 723.0], [1004.0, 725.0], [1715.0, 711.0]]",unknown,unknown,0.0,visual,True,1.0,character_not_visible;wave_character_missing
8639,326.528333,536.0,601.0,right,0.6023,0,[],active,left,0.98,visual,True,1.0,
8692,328.549533,,,left,0.55,2,"[[1460.0, 727.0], [344.0, 727.0]]",unknown,unknown,0.0,visual,True,1.0,character_not_visible;wave_character_missing
8747,330.549867,,,left,0.55,1,"[[1556.0, 781.0]]",unknown,unknown,0.0,visual,True,1.0,character_not_visible;wave_character_missing
8799,332.557133,,,right,0.55,0,[],unknown,unknown,0.0,visual,True,1.0,character_not_visible;wave_character_missing
8854,334.585267,,,right,0.55,0,[],unknown,unknown,0.0,visual,True,1.0,character_not_visible;wave_character_missing
8907,336.585633,,,left,0.55,0,[],unknown,unknown,0.0,visual,True,1.0,character_not_visible;wave_character_missing
8960,338.6068,,,unknown,0.0,1,"[[244.0, 725.0]]",unknown,unknown,0.0,visual,True,1.0,character_not_visible;wave_character_missing
9015,340.634933,,,right,0.55,2,"[[1739.0, 711.0], [1504.0, 725.0]]",unknown,unknown,0.0,visual,True,1.0,character_not_visible;wave_character_missing
9067,342.649167,,,left,0.55,3,"[[1126.0, 761.0], [750.0, 761.0], [982.0, 753.0]]",unknown,unknown,0.0,visual,True,1.0,character_not_visible;wave_character_missing
9119,344.6495,,,unknown,0.0,0,[],unknown,unknown,0.0,visual,True,1.0,character_not_visible;wave_character_missing
9173,346.677633,,,unknown,0.0,2,"[[1468.0, 757.0], [1092.0, 761.0]]",unknown,unknown,0.0,visual,True,1.0,character_not_visible;wave_character_missing
9220,348.677967,,,unknown,0.0,1,"[[1371.0, 747.0]]",unknown,unknown,0.0,visual,True,1.0,character_not_visible;wave_character_missing
9274,350.692233,,,right,0.55,1,"[[754.0, 403.0]]",unknown,unknown,0.0,visual,True,1.0,character_not_visible;wave_character_missing
9327,352.7134,,,right,0.55,2,"[[1384.0, 781.0], [560.0, 781.0]]",unknown,unknown,0.0,visual,True,1.0,character_not_visible;wave_character_missing
9381,354.713733,,,right,0.55,0,[],unknown,unknown,0.0,visual,True,1.0,character_not_visible;wave_character_missing
9436,356.7349,,,left,0.55,1,"[[628.0, 611.0]]",unknown,unknown,0.0,visual,True,1.0,character_not_visible;wave_character_missing
9491,358.735267,,,left,0.55,0,[],unknown,unknown,0.0,visual,True,1.0,character_not_visible;wave_character_missing
9545,360.7634,,,left,0.55,2,"[[298.0, 725.0], [168.0, 721.0]]",unknown,unknown,0.0,visual,True,1.0,character_not_visible;wave_character_missing
9601,362.7776,,,left,0.55,4,"[[386.0, 725.0], [680.0, 367.0], [1696.0, 725.0], [622.0, 721.0]]",unknown,unknown,0.0,visual,True,1.0,character_not_visible;wave_character_missing
9654,364.7988,,,left,0.55,1,"[[1338.0, 749.0]]",unknown,unknown,0.0,visual,True,1.0,character_not_visible;wave_character_missing
9706,366.8061,,,unknown,0.0,3,"[[626.0, 391.0], [946.0, 757.0], [459.0, 201.0]]",unknown,unknown,0.0,visual,True,1.0,character_not_visible;wave_character_missing
9754,368.806433,,,unknown,0.0,0,[],unknown,unknown,0.0,visual,True,1.0,character_not_visible;wave_character_missing
9807,370.8276,,,right,0.55,0,[],unknown,unknown,0.0,visual,True,1.0,character_not_visible;wave_character_missing
9858,372.855733,,,right,0.55,0,[],unknown,unknown,0.0,visual,True,1.0,character_not_visible;wave_character_missing
9911,374.863033,,,left,0.55,3,"[[394.0, 789.0], [1412.0, 899.0], [536.0, 903.0]]",unknown,unknown,0.0,visual,True,1.0,character_not_visible;wave_character_missing
9966,376.891167,,,unknown,0.0,0,[],unknown,unknown,0.0,visual,True,1.0,character_not_visible;wave_character_missing
10023,378.912333,,,unknown,0.0,0,[],unknown,unknown,0.0,visual,True,1.0,character_not_visible;wave_character_missing
10078,380.926567,,,unknown,0.0,0,[],unknown,unknown,0.0,visual,True,1.0,character_not_visible;wave_character_missing
10130,382.940833,,,unknown,0.0,0,[],unknown,unknown,0.0,visual,True,1.0,character_not_visible;wave_character_missing
10182,384.962,,,left,0.55,1,"[[556.0, 485.0]]",unknown,unknown,0.0,visual,True,1.0,character_not_visible;wave_character_missing
10234,386.983167,,,left,0.55,0,[],unknown,unknown,0.0,visual,True,1.0,character_not_visible;wave_character_missing
10289,388.9974,,,unknown,0.0,1,"[[666.0, 811.0]]",unknown,unknown,0.0,visual,True,1.0,character_not_visible;wave_character_missing
10341,391.0186,,,unknown,0.0,0,[],unknown,unknown,0.0,visual,True,1.0,character_not_visible;wave_character_missing
10392,393.032833,,,unknown,0.0,0,[],unknown,unknown,0.0,visual,True,1.0,character_not_visible;wave_character_missing
10446,395.0679,,,right,0.55,1,"[[1242.0, 869.0]]",unknown,unknown,0.0,visual,True,1.0,character_not_visible;wave_character_missing
10502,397.089067,,,right,0.55,0,[],unknown,unknown,0.0,visual,True,1.0,character_not_visible;wave_character_missing
10557,399.1172,,,left,0.55,0,[],unknown,unknown,0.0,visual,True,1.0,character_not_visible;wave_character_missing
10610,401.131433,,,left,0.55,0,[],unknown,unknown,0.0,visual,True,1.0,character_not_visible;wave_character_missing
10666,403.145667,,,unknown,0.0,1,"[[264.0, 717.0]]",unknown,unknown,0.0,visual,True,1.0,character_not_visible;wave_character_missing
10721,405.152967,,,left,0.55,0,[],unknown,unknown,0.0,visual,True,1.0,character_not_visible;wave_character_missing
10777,407.160267,,,right,0.55,1,"[[600.0, 771.0]]",unknown,unknown,0.0,visual,True,1.0,character_not_visible;wave_character_missing
10829,409.188367,,,unknown,0.0,2,"[[1141.0, 763.0], [1398.0, 775.0]]",unknown,unknown,0.0,visual,True,1.0,character_not_visible;wave_character_missing
10879,411.223467,,,unknown,0.0,1,"[[444.0, 419.0]]",unknown,unknown,0.0,visual,True,1.0,character_not_visible;wave_character_missing
10931,413.230733,310.0,653.0,right,0.3378,0,[],inactive,inactive,0.75,visual,True,1.0,
10984,415.258867,,,right,0.55,0,[],unknown,unknown,0.0,visual,True,1.0,character_not_visible;wave_character_missing
11040,417.307833,,,right,0.55,1,"[[544.0, 785.0]]",unknown,unknown,0.0,visual,True,1.0,character_not_visible;wave_character_missing
11094,419.315133,,,right,0.55,1,"[[1026.0, 717.0]]",unknown,unknown,0.0,visual,True,1.0,character_not_visible;wave_character_missing
11147,421.343233,,,left,0.55,1,"[[480.0, 723.0]]",unknown,unknown,0.0,visual,True,1.0,character_not_visible;wave_character_missing
11202,423.371367,,,left,0.55,1,"[[1522.0, 741.0]]",unknown,unknown,0.0,visual,True,1.0,character_not_visible;wave_character_missing
11258,425.378667,,,left,0.55,2,"[[608.0, 213.0], [1382.0, 761.0]]",unknown,unknown,0.0,visual,True,1.0,character_not_visible;wave_character_missing
11311,427.3929,,,unknown,0.0,2,"[[558.0, 211.0], [774.0, 771.0]]",unknown,unknown,0.0,visual,True,1.0,character_not_visible;wave_character_missing
11365,429.414067,,,unknown,0.0,0,[],unknown,unknown,0.0,visual,True,1.0,character_not_visible;wave_character_missing
11416,431.428333,,,unknown,0.0,1,"[[770.0, 777.0]]",unknown,unknown,0.0,visual,True,1.0,character_not_visible;wave_character_missing
11469,433.4356,,,right,0.55,1,"[[548.0, 223.0]]",unknown,unknown,0.0,visual,True,1.0,character_not_visible;wave_character_missing
11522,435.4568,,,right,0.55,0,[],unknown,unknown,0.0,visual,True,1.0,character_not_visible;wave_character_missing
11574,437.471033,,,right,0.55,0,[],unknown,unknown,0.0,visual,True,1.0,character_not_visible;wave_character_missing
11627,439.506067,,,left,0.55,0,[],unknown,unknown,0.0,visual,True,1.0,character_not_visible;wave_character_missing
11681,441.541133,,,left,0.55,0,[],unknown,unknown,0.0,visual,True,1.0,character_not_visible;wave_character_missing
11735,443.548467,,,unknown,0.0,1,"[[302.0, 611.0]]",unknown,unknown,0.0,visual,True,1.0,character_not_visible;wave_character_missing
11791,445.604367,,,unknown,0.0,0,[],unknown,unknown,0.0,visual,True,1.0,character_not_visible;wave_character_missing
11844,447.611667,,,unknown,0.0,0,[],unknown,unknown,0.0,visual,True,1.0,character_not_visible;wave_character_missing
11900,449.639767,,,unknown,0.0,0,[],unknown,unknown,0.0,visual,True,1.0,character_not_visible;wave_character_missing
11954,451.640133,,,right,0.55,2,"[[266.0, 757.0], [770.0, 757.0]]",unknown,unknown,0.0,visual,True,1.0,character_not_visible;wave_character_missing
12007,453.668233,,,unknown,0.0,0,[],unknown,unknown,0.0,visual,True,1.0,character_not_visible;wave_character_missing
12061,455.696367,,,left,0.55,0,[],unknown,unknown,0.0,visual,True,1.0,character_not_visible;wave_character_missing
12115,457.703667,,,left,0.55,0,[],unknown,unknown,0.0,visual,True,1.0,character_not_visible;wave_character_missing
12170,459.710967,,,unknown,0.0,1,"[[1296.0, 807.0]]",unknown,unknown,0.0,visual,True,1.0,character_not_visible;wave_character_missing
12222,461.7113,,,right,0.55,1,"[[758.0, 777.0]]",unknown,unknown,0.0,visual,True,1.0,character_not_visible;wave_character_missing
12275,463.725533,,,left,0.55,0,[],unknown,unknown,0.0,visual,True,1.0,character_not_visible;wave_character_missing
12328,465.732833,,,left,0.55,3,"[[444.0, 725.0], [684.0, 587.0], [830.0, 721.0]]",unknown,unknown,0.0,visual,True,1.0,character_not_visible;wave_character_missing
12383,467.7401,,,unknown,0.0,1,"[[444.0, 723.0]]",unknown,unknown,0.0,visual,True,1.0,character_not_visible;wave_character_missing
12437,469.740467,,,unknown,0.0,1,"[[1548.0, 745.0]]",unknown,unknown,0.0,visual,True,1.0,character_not_visible;wave_character_missing
12490,471.747733,,,left,0.55,1,"[[1172.0, 769.0]]",unknown,unknown,0.0,visual,True,1.0,character_not_visible;wave_character_missing
12544,473.7481,,,left,0.55,0,[],unknown,unknown,0.0,visual,True,1.0,character_not_visible;wave_character_missing
12596,475.748433,,,unknown,0.0,2,"[[608.0, 263.0], [1380.0, 809.0]]",unknown,unknown,0.0,visual,True,1.0,character_not_visible;wave_character_missing
12651,477.755733,,,unknown,0.0,0,[],unknown,unknown,0.0,visual,True,1.0,character_not_visible;wave_character_missing
12703,479.7769,,,unknown,0.0,2,"[[724.0, 849.0], [434.0, 863.0]]",unknown,unknown,0.0,visual,True,1.0,character_not_visible;wave_character_missing
12754,481.8189,,,right,0.55,0,[],unknown,unknown,0.0,visual,True,1.0,character_not_visible;wave_character_missing
12810,483.833167,,,left,0.55,3,"[[1352.0, 865.0], [1146.0, 867.0], [572.0, 303.0]]",unknown,unknown,0.0,visual,True,1.0,character_not_visible;wave_character_missing
12864,485.8335,,,right,0.55,0,[],unknown,unknown,0.0,visual,True,1.0,character_not_visible;wave_character_missing
12915,487.8408,,,right,0.55,0,[],unknown,unknown,0.0,visual,True,1.0,character_not_visible;wave_character_missing
12969,489.861967,,,left,0.55,1,"[[260.0, 723.0]]",unknown,unknown,0.0,visual,True,1.0,character_not_visible;wave_character_missing
13023,491.883167,,,left,0.55,0,[],unknown,unknown,0.0,visual,True,1.0,character_not_visible;wave_character_missing
13073,493.890433,,,unknown,0.0,2,"[[478.0, 379.0], [952.0, 717.0]]",unknown,unknown,0.0,visual,True,1.0,character_not_visible;wave_character_missing
13126,495.897733,,,left,0.55,1,"[[1370.0, 725.0]]",unknown,unknown,0.0,visual,True,1.0,character_not_visible;wave_character_missing
13180,497.911967,,,unknown,0.0,3,"[[1404.0, 759.0], [290.0, 759.0], [1288.0, 759.0]]",unknown,unknown,0.0,visual,True,1.0,character_not_visible;wave_character_missing
13234,499.933133,,,unknown,0.0,1,"[[666.0, 413.0]]",unknown,unknown,0.0,visual,True,1.0,character_not_visible;wave_character_missing
13286,501.954333,,,unknown,0.0,0,[],unknown,unknown,0.0,visual,True,1.0,character_not_visible;wave_character_missing
13339,503.961633,,,right,0.55,2,"[[1398.0, 755.0], [512.0, 191.0]]",unknown,unknown,0.0,visual,True,1.0,character_not_visible;wave_character_missing
13391,505.975867,,,right,0.55,1,"[[1521.0, 721.0]]",unknown,unknown,0.0,visual,True,1.0,character_not_visible;wave_character_missing
13444,507.997033,,,left,0.55,2,"[[502.0, 723.0], [604.0, 609.0]]",unknown,unknown,0.0,visual,True,1.0,character_not_visible;wave_character_missing
13493,510.0182,,,left,0.55,1,"[[1618.0, 725.0]]",unknown,unknown,0.0,visual,True,1.0,character_not_visible;wave_character_missing
13548,512.032433,,,left,0.55,3,"[[266.0, 719.0], [1316.0, 717.0], [668.0, 379.0]]",unknown,unknown,0.0,visual,True,1.0,character_not_visible;wave_character_missing
13602,514.060567,,,left,0.55,2,"[[1694.0, 721.0], [1150.0, 721.0]]",unknown,unknown,0.0,visual,True,1.0,character_not_visible;wave_character_missing
13655,516.1026,,,unknown,0.0,2,"[[1308.0, 755.0], [1552.0, 763.0]]",unknown,unknown,0.0,visual,True,1.0,character_not_visible;wave_character_missing
13706,518.102933,,,unknown,0.0,0,[],unknown,unknown,0.0,visual,True,1.0,character_not_visible;wave_character_missing
13756,520.1241,,,right,0.55,2,"[[502.0, 197.0], [950.0, 647.0]]",unknown,unknown,0.0,visual,True,1.0,character_not_visible;wave_character_missing
13810,522.138367,,,right,0.55,2,"[[1034.0, 669.0], [266.0, 779.0]]",unknown,unknown,0.0,visual,True,1.0,character_not_visible;wave_character_missing
13863,524.166467,,,right,0.55,0,[],unknown,unknown,0.0,visual,True,1.0,character_not_visible;wave_character_missing
13918,526.1807,,,left,0.55,0,[],unknown,unknown,0.0,visual,True,1.0,character_not_visible;wave_character_missing
13974,528.2019,,,left,0.55,1,"[[412.0, 379.0]]",unknown,unknown,0.0,visual,True,1.0,character_not_visible;wave_character_missing
14029,530.2439,,,left,0.55,1,"[[714.0, 379.0]]",unknown,unknown,0.0,visual,True,1.0,character_not_visible;wave_character_missing
14084,532.272033,,,left,0.55,2,"[[1312.0, 729.0], [1040.0, 729.0]]",unknown,unknown,0.0,visual,True,1.0,character_not_visible;wave_character_missing
14138,534.279333,,,unknown,0.0,3,"[[1344.0, 757.0], [938.0, 765.0], [398.0, 197.0]]",unknown,unknown,0.0,visual,True,1.0,character_not_visible;wave_character_missing
14190,536.279667,,,unknown,0.0,1,"[[1098.0, 765.0]]",unknown,unknown,0.0,visual,True,1.0,character_not_visible;wave_character_missing
14242,538.3078,,,unknown,0.0,2,"[[732.0, 757.0], [1406.0, 755.0]]",unknown,unknown,0.0,visual,True,1.0,character_not_visible;wave_character_missing
14293,540.308133,,,unknown,0.0,0,[],unknown,unknown,0.0,visual,True,1.0,character_not_visible;wave_character_missing
14345,542.336267,,,right,0.55,1,"[[1350.0, 755.0]]",unknown,unknown,0.0,visual,True,1.0,character_not_visible;wave_character_missing
14398,544.357467,,,left,0.55,3,"[[424.0, 803.0], [770.0, 915.0], [1398.0, 915.0]]",unknown,unknown,0.0,visual,True,1.0,character_not_visible;wave_character_missing
14453,546.3578,,,unknown,0.0,0,[],unknown,unknown,0.0,visual,True,1.0,character_not_visible;wave_character_missing
14507,548.378967,,,unknown,0.0,0,[],unknown,unknown,0.0,visual,True,1.0,character_not_visible;wave_character_missing
14562,550.434867,,,unknown,0.0,0,[],unknown,unknown,0.0,visual,True,1.0,character_not_visible;wave_character_missing
14616,552.435233,,,unknown,0.0,0,[],unknown,unknown,0.0,visual,True,1.0,character_not_visible;wave_character_missing
14671,554.442533,,,unknown,0.0,0,[],unknown,unknown,0.0,visual,True,1.0,character_not_visible;wave_character_missing
14723,556.4498,,,unknown,0.0,0,[],unknown,unknown,0.0,visual,True,1.0,character_not_visible;wave_character_missing
14775,558.4571,,,right,0.55,1,"[[252.0, 469.0]]",unknown,unknown,0.0,visual,True,1.0,character_not_visible;wave_character_missing
14829,560.485233,,,left,0.55,0,[],unknown,unknown,0.0,visual,True,1.0,character_not_visible;wave_character_missing
14884,562.5064,,,left,0.55,2,"[[666.0, 603.0], [846.0, 723.0]]",unknown,unknown,0.0,visual,True,1.0,character_not_visible;wave_character_missing
14938,564.520633,,,unknown,0.0,0,[],unknown,unknown,0.0,visual,True,1.0,character_not_visible;wave_character_missing
14991,566.527933,,,left,0.55,1,"[[1758.0, 743.0]]",unknown,unknown,0.0,visual,True,1.0,character_not_visible;wave_character_missing
15044,568.528267,,,right,0.55,3,"[[1213.0, 763.0], [974.0, 663.0], [1362.0, 775.0]]",unknown,unknown,0.0,visual,True,1.0,character_not_visible;wave_character_missing
15097,570.549467,,,unknown,0.0,2,"[[988.0, 777.0], [344.0, 419.0]]",unknown,unknown,0.0,visual,True,1.0,character_not_visible;wave_character_missing
15151,572.570633,,,unknown,0.0,2,"[[1092.0, 773.0], [1398.0, 773.0]]",unknown,unknown,0.0,visual,True,1.0,character_not_visible;wave_character_missing
15202,574.598767,,,unknown,0.0,0,[],unknown,unknown,0.0,visual,True,1.0,character_not_visible;wave_character_missing
15256,576.6269,,,unknown,0.0,3,"[[554.0, 221.0], [1064.0, 777.0], [1400.0, 773.0]]",unknown,unknown,0.0,visual,True,1.0,character_not_visible;wave_character_missing
15308,578.627233,,,right,0.55,0,[],unknown,unknown,0.0,visual,True,1.0,character_not_visible;wave_character_missing
15360,580.627567,,,right,0.55,1,"[[924.0, 729.0]]",unknown,unknown,0.0,visual,True,1.0,character_not_visible;wave_character_missing
15414,582.6418,,,left,0.55,0,[],unknown,unknown,0.0,visual,True,1.0,character_not_visible;wave_character_missing
15468,584.656033,,,left,0.55,1,"[[632.0, 389.0]]",unknown,unknown,0.0,visual,True,1.0,character_not_visible;wave_character_missing
15522,586.663333,,,unknown,0.0,2,"[[494.0, 223.0], [488.0, 411.0]]",unknown,unknown,0.0,visual,True,1.0,character_not_visible;wave_character_missing
15575,588.691467,,,unknown,0.0,1,"[[1514.0, 771.0]]",unknown,unknown,0.0,visual,True,1.0,character_not_visible;wave_character_missing
15629,590.698733,,,unknown,0.0,0,[],unknown,unknown,0.0,visual,True,1.0,character_not_visible;wave_character_missing
15681,592.6991,,,unknown,0.0,1,"[[413.0, 405.0]]",unknown,unknown,0.0,visual,True,1.0,character_not_visible;wave_character_missing
15734,594.713333,,,right,0.55,2,"[[1398.0, 787.0], [1162.0, 679.0]]",unknown,unknown,0.0,visual,True,1.0,character_not_visible;wave_character_missing
15787,596.7345,,,right,0.55,0,[],unknown,unknown,0.0,visual,True,1.0,character_not_visible;wave_character_missing
15840,598.748733,,,left,0.55,0,[],unknown,unknown,0.0,visual,True,1.0,character_not_visible;wave_character_missing
15895,600.790767,,,left,0.55,0,[],unknown,unknown,0.0,visual,True,1.0,character_not_visible;wave_character_missing
15950,602.798067,,,left,0.55,1,"[[519.0, 173.0]]",unknown,unknown,0.0,visual,True,1.0,character_not_visible;wave_character_missing
16004,604.7984,,,unknown,0.0,2,"[[1446.0, 771.0], [594.0, 203.0]]",unknown,unknown,0.0,visual,True,1.0,character_not_visible;wave_character_missing
16057,606.819567,,,unknown,0.0,0,[],unknown,unknown,0.0,visual,True,1.0,character_not_visible;wave_character_missing
16111,608.8477,,,unknown,0.0,0,[],unknown,unknown,0.0,visual,True,1.0,character_not_visible;wave_character_missing
16164,610.8689,,,right,0.55,4,"[[690.0, 447.0], [214.0, 435.0], [590.0, 237.0], [1546.0, 785.0]]",unknown,unknown,0.0,visual,True,1.0,character_not_visible;wave_character_missing
16217,612.903967,,,right,0.55,3,"[[636.0, 447.0], [265.0, 433.0], [1448.0, 789.0]]",unknown,unknown,0.0,visual,True,1.0,character_not_visible;wave_character_missing
16273,614.9043,,,unknown,0.0,1,"[[123.0, 621.0]]",unknown,unknown,0.0,visual,True,1.0,character_not_visible;wave_character_missing
16327,616.904633,,,left,0.55,0,[],unknown,unknown,0.0,visual,True,1.0,character_not_visible;wave_character_missing
16381,618.932767,,,left,0.55,3,"[[350.0, 603.0], [1732.0, 725.0], [1534.0, 725.0]]",unknown,unknown,0.0,visual,True,1.0,character_not_visible;wave_character_missing
16435,620.967833,,,left,0.55,0,[],unknown,unknown,0.0,visual,True,1.0,character_not_visible;wave_character_missing
16487,622.989033,,,unknown,0.0,4,"[[914.0, 649.0], [1174.0, 761.0], [768.0, 761.0], [976.0, 761.0]]",unknown,unknown,0.0,visual,True,1.0,character_not_visible;wave_character_missing
16538,625.003267,,,unknown,0.0,2,"[[562.0, 661.0], [796.0, 783.0]]",unknown,unknown,0.0,visual,True,1.0,character_not_visible;wave_character_missing
16591,627.0314,,,unknown,0.0,1,"[[610.0, 423.0]]",unknown,unknown,0.0,visual,True,1.0,character_not_visible;wave_character_missing
16644,629.031733,238.0,659.0,right,0.1278,3,"[[674.0, 777.0], [182.0, 437.0], [591.0, 211.0]]",active,right,0.726,visual,True,1.0,
16696,631.0529,,,right,0.55,3,"[[591.0, 213.0], [1284.0, 775.0], [936.0, 783.0]]",unknown,unknown,0.0,visual,True,1.0,character_not_visible;wave_character_missing
16748,633.081033,,,right,0.55,0,[],unknown,unknown,0.0,visual,True,1.0,character_not_visible;wave_character_missing
16802,635.095267,,,left,0.55,0,[],unknown,unknown,0.0,visual,True,1.0,character_not_visible;wave_character_missing
16857,637.095633,,,left,0.55,1,"[[268.0, 723.0]]",unknown,unknown,0.0,visual,True,1.0,character_not_visible;wave_character_missing
16910,639.109833,,,left,0.55,2,"[[1454.0, 725.0], [78.0, 721.0]]",unknown,unknown,0.0,visual,True,1.0,character_not_visible;wave_character_missing
16962,641.1102,,,unknown,0.0,0,[],unknown,unknown,0.0,visual,True,1.0,character_not_visible;wave_character_missing
17015,643.1661,,,unknown,0.0,0,[],unknown,unknown,0.0,visual,True,1.0,character_not_visible;wave_character_missing
17068,645.180333,,,right,0.55,0,[],unknown,unknown,0.0,visual,True,1.0,character_not_visible;wave_character_missing
17124,647.1807,,,right,0.55,1,"[[982.0, 781.0]]",unknown,unknown,0.0,visual,True,1.0,character_not_visible;wave_character_missing
17177,649.194933,,,right,0.55,0,[],unknown,unknown,0.0,visual,True,1.0,character_not_visible;wave_character_missing
17229,651.2022,,,unknown,0.0,0,[],unknown,unknown,0.0,visual,True,1.0,character_not_visible;wave_character_missing
17284,653.2234,,,left,0.55,1,"[[706.0, 571.0]]",unknown,unknown,0.0,visual,True,1.0,character_not_visible;wave_character_missing
17335,655.2793,,,left,0.55,0,[],unknown,unknown,0.0,visual,True,1.0,character_not_visible;wave_character_missing
17388,657.293533,,,unknown,0.0,1,"[[1388.0, 767.0]]",unknown,unknown,0.0,visual,True,1.0,character_not_visible;wave_character_missing
17441,659.293867,,,right,0.55,3,"[[840.0, 767.0], [1026.0, 759.0], [598.0, 421.0]]",unknown,unknown,0.0,visual,True,1.0,character_not_visible;wave_character_missing
17496,661.328933,,,unknown,0.0,0,[],unknown,unknown,0.0,visual,True,1.0,character_not_visible;wave_character_missing
17550,663.3293,,,unknown,0.0,0,[],unknown,unknown,0.0,visual,True,1.0,character_not_visible;wave_character_missing
17603,665.3296,,,right,0.55,0,[],unknown,unknown,0.0,visual,True,1.0,character_not_visible;wave_character_missing
17656,667.336933,,,left,0.55,0,[],unknown,unknown,0.0,visual,True,1.0,character_not_visible;wave_character_missing
17712,669.3581,,,left,0.55,0,[],unknown,unknown,0.0,visual,True,1.0,character_not_visible;wave_character_missing
17766,671.365367,,,left,0.55,2,"[[160.0, 731.0], [570.0, 389.0]]",unknown,unknown,0.0,visual,True,1.0,character_not_visible;wave_character_missing
17818,673.3796,,,unknown,0.0,1,"[[1411.0, 721.0]]",unknown,unknown,0.0,visual,True,1.0,character_not_visible;wave_character_missing
17872,675.393867,,,right,0.55,1,"[[1054.0, 781.0]]",unknown,unknown,0.0,visual,True,1.0,character_not_visible;wave_character_missing
17926,677.422,,,unknown,0.0,1,"[[494.0, 195.0]]",unknown,unknown,0.0,visual,True,1.0,character_not_visible;wave_character_missing
17980,679.4362,,,unknown,0.0,5,"[[472.0, 199.0], [832.0, 769.0], [1326.0, 769.0], [1138.0, 769.0], [496.0, 409.0]]",unknown,unknown,0.0,visual,True,1.0,character_not_visible;wave_character_missing
18035,681.450467,,,right,0.55,2,"[[446.0, 767.0], [752.0, 767.0]]",unknown,unknown,0.0,visual,True,1.0,character_not_visible;wave_character_missing
18086,683.457767,,,unknown,0.0,0,[],unknown,unknown,0.0,visual,True,1.0,character_not_visible;wave_character_missing
18139,685.478933,,,unknown,0.0,0,[],unknown,unknown,0.0,visual,True,1.0,character_not_visible;wave_character_missing
18193,687.507067,,,right,0.55,0,[],unknown,unknown,0.0,visual,True,1.0,character_not_visible;wave_character_missing
18244,689.514333,,,left,0.55,0,[],unknown,unknown,0.0,visual,True,1.0,character_not_visible;wave_character_missing
18299,691.535533,,,left,0.55,1,"[[488.0, 721.0]]",unknown,unknown,0.0,visual,True,1.0,character_not_visible;wave_character_missing
18353,693.535867,,,left,0.55,1,"[[556.0, 157.0]]",unknown,unknown,0.0,visual,True,1.0,character_not_visible;wave_character_missing
18409,695.5501,,,right,0.55,2,"[[660.0, 761.0], [495.0, 389.0]]",unknown,unknown,0.0,visual,True,1.0,character_not_visible;wave_character_missing
18461,697.5852,,,unknown,0.0,0,[],unknown,unknown,0.0,visual,True,1.0,character_not_visible;wave_character_missing
18516,699.606333,,,unknown,0.0,0,[],unknown,unknown,0.0,visual,True,1.0,character_not_visible;wave_character_missing
18566,701.620633,,,unknown,0.0,0,[],unknown,unknown,0.0,visual,True,1.0,character_not_visible;wave_character_missing
18618,703.634833,,,right,0.55,0,[],unknown,unknown,0.0,visual,True,1.0,character_not_visible;wave_character_missing
18671,705.6421,,,left,0.55,0,[],unknown,unknown,0.0,visual,True,1.0,character_not_visible;wave_character_missing
18724,707.656367,,,left,0.55,1,"[[186.0, 721.0]]",unknown,unknown,0.0,visual,True,1.0,character_not_visible;wave_character_missing
18778,709.6567,,,left,0.55,1,"[[1332.0, 775.0]]",unknown,unknown,0.0,visual,True,1.0,character_not_visible;wave_character_missing
18833,711.670933,,,unknown,0.0,0,[],unknown,unknown,0.0,visual,True,1.0,character_not_visible;wave_character_missing
18887,713.699033,,,unknown,0.0,1,"[[569.0, 193.0]]",unknown,unknown,0.0,visual,True,1.0,character_not_visible;wave_character_missing
18939,715.720233,,,unknown,0.0,0,[],unknown,unknown,0.0,visual,True,1.0,character_not_visible;wave_character_missing
18992,717.741433,,,right,0.55,3,"[[322.0, 789.0], [432.0, 221.0], [1403.0, 775.0]]",unknown,unknown,0.0,visual,True,1.0,character_not_visible;wave_character_missing
19045,719.769567,,,left,0.55,0,[],unknown,unknown,0.0,visual,True,1.0,character_not_visible;wave_character_missing
19099,721.797667,,,left,0.55,1,"[[1268.0, 723.0]]",unknown,unknown,0.0,visual,True,1.0,character_not_visible;wave_character_missing
19151,723.804933,,,left,0.55,0,[],unknown,unknown,0.0,visual,True,1.0,character_not_visible;wave_character_missing
19202,725.8331,,,unknown,0.0,1,"[[780.0, 643.0]]",unknown,unknown,0.0,visual,True,1.0,character_not_visible;wave_character_missing
19255,727.9029,,,right,0.55,1,"[[1484.0, 755.0]]",unknown,unknown,0.0,visual,True,1.0,character_not_visible;wave_character_missing
19310,729.903233,,,right,0.55,0,[],unknown,unknown,0.0,visual,True,1.0,character_not_visible;wave_character_missing
19362,731.9036,,,left,0.55,1,"[[1784.0, 719.0]]",unknown,unknown,0.0,visual,True,1.0,character_not_visible;wave_character_missing
19417,733.903933,,,left,0.55,0,[],unknown,unknown,0.0,visual,True,1.0,character_not_visible;wave_character_missing
19470,735.904267,534.0,601.0,right,0.41350000000000003,0,[],unknown,unknown,0.3,keys,True,1.0,a_key_without_visual_wave
19523,737.932367,,,unknown,0.0,3,"[[1020.0, 611.0], [440.0, 155.0], [357.0, 709.0]]",unknown,unknown,0.0,visual,True,1.0,character_not_visible;wave_character_missing
19576,739.932733,534.0,601.0,right,0.4337,0,[],active,left,0.575,visual,True,1.0,
19627,741.94,,,right,0.55,2,"[[1398.0, 723.0], [514.0, 155.0]]",unknown,unknown,0.0,visual,True,1.0,character_not_visible;wave_character_missing
19678,743.968133,,,right,0.55,3,"[[586.0, 195.0], [1394.0, 761.0], [1280.0, 641.0]]",unknown,unknown,0.0,visual,True,1.0,character_not_visible;wave_character_missing
19730,745.996267,,,unknown,0.0,0,[],unknown,unknown,0.0,visual,True,1.0,character_not_visible;wave_character_missing
19783,748.024433,,,right,0.55,0,[],unknown,unknown,0.0,visual,True,1.0,character_not_visible;wave_character_missing
19838,750.038633,,,unknown,0.0,0,[],unknown,unknown,0.0,visual,True,1.0,character_not_visible;wave_character_missing
19890,752.066767,,,right,0.55,1,"[[546.0, 437.0]]",unknown,unknown,0.0,visual,True,1.0,character_not_visible;wave_character_missing
19945,754.081,,,right,0.55,1,"[[1646.0, 725.0]]",unknown,unknown,0.0,visual,True,1.0,character_not_visible;wave_character_missing
19998,756.095233,,,left,0.55,1,"[[798.0, 723.0]]",unknown,unknown,0.0,visual,True,1.0,character_not_visible;wave_character_missing
20053,758.1164,,,unknown,0.0,1,"[[90.0, 623.0]]",unknown,unknown,0.0,visual,True,1.0,character_not_visible;wave_character_missing
20107,760.123733,,,left,0.55,3,"[[708.0, 379.0], [1558.0, 725.0], [566.0, 151.0]]",unknown,unknown,0.0,visual,True,1.0,character_not_visible;wave_character_missing
20161,762.1379,,,right,0.55,3,"[[984.0, 761.0], [542.0, 191.0], [1178.0, 761.0]]",unknown,unknown,0.0,visual,True,1.0,character_not_visible;wave_character_missing
20214,764.145233,,,unknown,0.0,1,"[[632.0, 401.0]]",unknown,unknown,0.0,visual,True,1.0,character_not_visible;wave_character_missing
20265,766.159467,,,unknown,0.0,1,"[[1512.0, 759.0]]",unknown,unknown,0.0,visual,True,1.0,character_not_visible;wave_character_missing
20316,768.159833,,,unknown,0.0,2,"[[262.0, 415.0], [1382.0, 761.0]]",unknown,unknown,0.0,visual,True,1.0,character_not_visible;wave_character_missing
20368,770.160167,,,unknown,0.0,0,[],unknown,unknown,0.0,visual,True,1.0,character_not_visible;wave_character_missing
20420,772.167433,,,right,0.55,1,"[[830.0, 783.0]]",unknown,unknown,0.0,visual,True,1.0,character_not_visible;wave_character_missing
20473,774.1747,,,unknown,0.0,0,[],unknown,unknown,0.0,visual,True,1.0,character_not_visible;wave_character_missing
20526,776.230633,,,left,0.55,1,"[[630.0, 845.0]]",unknown,unknown,0.0,visual,True,1.0,character_not_visible;wave_character_missing
20580,778.258767,,,unknown,0.0,0,[],unknown,unknown,0.0,visual,True,1.0,character_not_visible;wave_character_missing
20633,780.2591,,,unknown,0.0,0,[],unknown,unknown,0.0,visual,True,1.0,character_not_visible;wave_character_missing
20687,782.2803,,,right,0.55,0,[],unknown,unknown,0.0,visual,True,1.0,character_not_visible;wave_character_missing
20738,784.2876,,,left,0.55,1,"[[516.0, 849.0]]",unknown,unknown,0.0,visual,True,1.0,character_not_visible;wave_character_missing
20790,786.308767,,,unknown,0.0,0,[],unknown,unknown,0.0,visual,True,1.0,character_not_visible;wave_character_missing
20842,788.316067,,,unknown,0.0,0,[],unknown,unknown,0.0,visual,True,1.0,character_not_visible;wave_character_missing
20899,790.323367,,,unknown,0.0,0,[],unknown,unknown,0.0,visual,True,1.0,character_not_visible;wave_character_missing
20952,792.323667,,,right,0.55,3,"[[1114.0, 869.0], [270.0, 519.0], [1568.0, 877.0]]",unknown,unknown,0.0,visual,True,1.0,character_not_visible;wave_character_missing
21006,794.3449,,,right,0.55,0,[],unknown,unknown,0.0,visual,True,1.0,character_not_visible;wave_character_missing
21059,796.379933,,,left,0.55,0,[],unknown,unknown,0.0,visual,True,1.0,character_not_visible;wave_character_missing
21114,798.4011,,,left,0.55,1,"[[756.0, 723.0]]",unknown,unknown,0.0,visual,True,1.0,character_not_visible;wave_character_missing
21166,800.457033,,,unknown,0.0,1,"[[414.0, 379.0]]",unknown,unknown,0.0,visual,True,1.0,character_not_visible;wave_character_missing
21221,802.4782,,,unknown,0.0,0,[],unknown,unknown,0.0,visual,True,1.0,character_not_visible;wave_character_missing
21275,804.4855,,,unknown,0.0,3,"[[1320.0, 769.0], [382.0, 411.0], [922.0, 769.0]]",unknown,unknown,0.0,visual,True,1.0,character_not_visible;wave_character_missing
21327,806.5067,,,unknown,0.0,1,"[[1378.0, 765.0]]",unknown,unknown,0.0,visual,True,1.0,character_not_visible;wave_character_missing
21381,808.534833,,,unknown,0.0,0,[],unknown,unknown,0.0,visual,True,1.0,character_not_visible;wave_character_missing
21437,810.555967,,,right,0.55,1,"[[686.0, 409.0]]",unknown,unknown,0.0,visual,True,1.0,character_not_visible;wave_character_missing
21494,812.584133,,,right,0.55,0,[],unknown,unknown,0.0,visual,True,1.0,character_not_visible;wave_character_missing
21546,814.591433,,,left,0.55,1,"[[1514.0, 725.0]]",unknown,unknown,0.0,visual,True,1.0,character_not_visible;wave_character_missing
21600,816.6126,,,unknown,0.0,0,[],unknown,unknown,0.0,visual,True,1.0,character_not_visible;wave_character_missing
21652,818.6685,,,left,0.55,0,[],unknown,unknown,0.0,visual,True,1.0,character_not_visible;wave_character_missing
21705,820.717433,,,left,0.55,1,"[[656.0, 389.0]]",unknown,unknown,0.0,visual,True,1.0,character_not_visible;wave_character_missing
21759,822.724767,,,left,0.55,0,[],unknown,unknown,0.0,visual,True,1.0,character_not_visible;wave_character_missing
21816,824.752867,,,unknown,0.0,0,[],unknown,unknown,0.0,visual,True,1.0,character_not_visible;wave_character_missing
21868,826.787933,,,unknown,0.0,1,"[[732.0, 783.0]]",unknown,unknown,0.0,visual,True,1.0,character_not_visible;wave_character_missing
21921,828.795233,,,right,0.55,3,"[[312.0, 429.0], [1418.0, 787.0], [546.0, 427.0]]",unknown,unknown,0.0,visual,True,1.0,character_not_visible;wave_character_missing
21976,830.823367,,,left,0.55,2,"[[648.0, 599.0], [406.0, 723.0]]",unknown,unknown,0.0,visual,True,1.0,character_not_visible;wave_character_missing
22029,832.8237,,,left,0.55,0,[],unknown,unknown,0.0,visual,True,1.0,character_not_visible;wave_character_missing
22083,834.851833,,,left,0.55,1,"[[1552.0, 735.0]]",unknown,unknown,0.0,visual,True,1.0,character_not_visible;wave_character_missing
22135,836.873033,,,right,0.55,1,"[[1367.0, 721.0]]",unknown,unknown,0.0,visual,True,1.0,character_not_visible;wave_character_missing
22186,838.8942,,,unknown,0.0,1,"[[997.0, 779.0]]",unknown,unknown,0.0,visual,True,1.0,character_not_visible;wave_character_missing
22239,840.908433,,,unknown,0.0,1,"[[1340.0, 769.0]]",unknown,unknown,0.0,visual,True,1.0,character_not_visible;wave_character_missing
22291,842.922667,,,unknown,0.0,2,"[[1144.0, 763.0], [1162.0, 655.0]]",unknown,unknown,0.0,visual,True,1.0,character_not_visible;wave_character_missing
22346,844.9508,,,right,0.55,2,"[[334.0, 429.0], [1144.0, 785.0]]",unknown,unknown,0.0,visual,True,1.0,character_not_visible;wave_character_missing
22398,846.951133,,,right,0.55,0,[],unknown,unknown,0.0,visual,True,1.0,character_not_visible;wave_character_missing
22450,848.9515,,,left,0.55,1,"[[1414.0, 725.0]]",unknown,unknown,0.0,visual,True,1.0,character_not_visible;wave_character_missing
22503,850.958767,,,left,0.55,1,"[[86.0, 609.0]]",unknown,unknown,0.0,visual,True,1.0,character_not_visible;wave_character_missing
22556,852.9591,,,unknown,0.0,2,"[[450.0, 169.0], [426.0, 723.0]]",unknown,unknown,0.0,visual,True,1.0,character_not_visible;wave_character_missing
22610,854.959467,,,left,0.55,4,"[[1385.0, 711.0], [1046.0, 725.0], [652.0, 365.0], [172.0, 721.0]]",unknown,unknown,0.0,visual,True,1.0,character_not_visible;wave_character_missing
22664,856.9945,,,right,0.55,0,[],unknown,unknown,0.0,visual,True,1.0,character_not_visible;wave_character_missing
22716,859.001833,,,unknown,0.0,1,"[[594.0, 727.0]]",unknown,unknown,0.0,visual,True,1.0,character_not_visible;wave_character_missing
22768,861.002167,,,unknown,0.0,1,"[[490.0, 177.0]]",unknown,unknown,0.0,visual,True,1.0,character_not_visible;wave_character_missing
22820,863.0303,,,unknown,0.0,0,[],unknown,unknown,0.0,visual,True,1.0,character_not_visible;wave_character_missing
22869,865.030633,,,unknown,0.0,1,"[[1246.0, 725.0]]",unknown,unknown,0.0,visual,True,1.0,character_not_visible;wave_character_missing
22923,867.058733,,,right,0.55,1,"[[428.0, 377.0]]",unknown,unknown,0.0,visual,True,1.0,character_not_visible;wave_character_missing
22971,869.066033,,,unknown,0.0,0,[],unknown,unknown,0.0,visual,True,1.0,character_not_visible;wave_character_missing
23024,871.073333,,,left,0.55,2,"[[333.0, 735.0], [584.0, 725.0]]",unknown,unknown,0.0,visual,True,1.0,character_not_visible;wave_character_missing
23078,873.087567,,,left,0.55,0,[],unknown,unknown,0.0,visual,True,1.0,character_not_visible;wave_character_missing
23130,875.087933,,,unknown,0.0,2,"[[1362.0, 757.0], [1586.0, 757.0]]",unknown,unknown,0.0,visual,True,1.0,character_not_visible;wave_character_missing
23185,877.1091,,,unknown,0.0,1,"[[1450.0, 761.0]]",unknown,unknown,0.0,visual,True,1.0,character_not_visible;wave_character_missing
23237,879.109467,,,unknown,0.0,1,"[[532.0, 403.0]]",unknown,unknown,0.0,visual,True,1.0,character_not_visible;wave_character_missing
23289,881.123667,,,unknown,0.0,0,[],unknown,unknown,0.0,visual,True,1.0,character_not_visible;wave_character_missing
23342,883.130933,,,unknown,0.0,1,"[[1398.0, 755.0]]",unknown,unknown,0.0,visual,True,1.0,character_not_visible;wave_character_missing
23396,885.186867,,,unknown,0.0,3,"[[589.0, 787.0], [346.0, 783.0], [1041.0, 661.0]]",unknown,unknown,0.0,visual,True,1.0,character_not_visible;wave_character_missing
23451,887.208067,,,unknown,0.0,0,[],unknown,unknown,0.0,visual,True,1.0,character_not_visible;wave_character_missing
23504,889.208433,,,unknown,0.0,0,[],unknown,unknown,0.0,visual,True,1.0,character_not_visible;wave_character_missing
23559,891.208767,,,unknown,0.0,0,[],unknown,unknown,0.0,visual,True,1.0,character_not_visible;wave_character_missing
23614,893.229933,,,left,0.55,0,[],unknown,unknown,0.0,visual,True,1.0,character_not_visible;wave_character_missing
23664,895.258067,,,unknown,0.0,0,[],unknown,unknown,0.0,visual,True,1.0,character_not_visible;wave_character_missing
23717,897.2584,,,unknown,0.0,2,"[[1388.0, 831.0], [290.0, 829.0]]",unknown,unknown,0.0,visual,True,1.0,character_not_visible;wave_character_missing
23771,899.272667,,,unknown,0.0,1,"[[1406.0, 807.0]]",unknown,unknown,0.0,visual,True,1.0,character_not_visible;wave_character_missing
23825,901.286867,,,unknown,0.0,1,"[[480.0, 723.0]]",unknown,unknown,0.0,visual,True,1.0,character_not_visible;wave_character_missing
23878,903.301133,,,left,0.55,0,[],unknown,unknown,0.0,visual,True,1.0,character_not_visible;wave_character_missing
23932,905.3223,,,left,0.55,3,"[[1714.0, 717.0], [608.0, 171.0], [225.0, 719.0]]",unknown,unknown,0.0,visual,True,1.0,character_not_visible;wave_character_missing
23987,907.3296,,,left,0.55,0,[],unknown,unknown,0.0,visual,True,1.0,character_not_visible;wave_character_missing
24042,909.350767,,,unknown,0.0,2,"[[546.0, 645.0], [956.0, 761.0]]",unknown,unknown,0.0,visual,True,1.0,character_not_visible;wave_character_missing
24095,911.378867,,,unknown,0.0,0,[],unknown,unknown,0.0,visual,True,1.0,character_not_visible;wave_character_missing
24146,913.413967,,,unknown,0.0,1,"[[1214.0, 659.0]]",unknown,unknown,0.0,visual,True,1.0,character_not_visible;wave_character_missing
24198,915.4421,,,unknown,0.0,1,"[[1108.0, 761.0]]",unknown,unknown,0.0,visual,True,1.0,character_not_visible;wave_character_missing
24247,917.442433,,,right,0.55,0,[],unknown,unknown,0.0,visual,True,1.0,character_not_visible;wave_character_missing
24302,919.4775,,,right,0.55,3,"[[880.0, 799.0], [356.0, 791.0], [554.0, 233.0]]",unknown,unknown,0.0,visual,True,1.0,character_not_visible;wave_character_missing
24355,921.4848,,,unknown,0.0,0,[],unknown,unknown,0.0,visual,True,1.0,character_not_visible;wave_character_missing
24409,923.505967,,,left,0.55,1,"[[848.0, 721.0]]",unknown,unknown,0.0,visual,True,1.0,character_not_visible;wave_character_missing
24463,925.527167,,,left,0.55,0,[],unknown,unknown,0.0,visual,True,1.0,character_not_visible;wave_character_missing
24517,927.548333,,,left,0.55,2,"[[1784.0, 727.0], [1398.0, 727.0]]",unknown,unknown,0.0,visual,True,1.0,character_not_visible;wave_character_missing
24572,929.569533,,,left,0.55,0,[],unknown,unknown,0.0,visual,True,1.0,character_not_visible;wave_character_missing
24626,931.5907,340.0,639.0,right,0.4572,0,[],active,left,0.98,visual,True,1.0,
24679,933.604933,,,unknown,0.0,1,"[[1226.0, 763.0]]",unknown,unknown,0.0,visual,True,1.0,character_not_visible;wave_character_missing
24729,935.6122,,,unknown,0.0,0,[],unknown,unknown,0.0,visual,True,1.0,character_not_visible;wave_character_missing
24783,937.6334,,,unknown,0.0,0,[],unknown,unknown,0.0,visual,True,1.0,character_not_visible;wave_character_missing
24836,939.6546,,,unknown,0.0,2,"[[1388.0, 775.0], [1092.0, 779.0]]",unknown,unknown,0.0,visual,True,1.0,character_not_visible;wave_character_missing
24891,941.675767,,,right,0.55,1,"[[1196.0, 809.0]]",unknown,unknown,0.0,visual,True,1.0,character_not_visible;wave_character_missing
24942,943.69,,,right,0.55,0,[],unknown,unknown,0.0,visual,True,1.0,character_not_visible;wave_character_missing
24998,945.704233,,,left,0.55,1,"[[764.0, 721.0]]",unknown,unknown,0.0,visual,True,1.0,character_not_visible;wave_character_missing
25051,947.7046,,,left,0.55,1,"[[780.0, 723.0]]",unknown,unknown,0.0,visual,True,1.0,character_not_visible;wave_character_missing
25105,949.718833,,,left,0.55,1,"[[540.0, 717.0]]",unknown,unknown,0.0,visual,True,1.0,character_not_visible;wave_character_missing
25158,951.733067,,,left,0.55,1,"[[532.0, 169.0]]",unknown,unknown,0.0,visual,True,1.0,character_not_visible;wave_character_missing
25214,953.7473,,,unknown,0.0,3,"[[1062.0, 759.0], [1356.0, 759.0], [548.0, 185.0]]",unknown,unknown,0.0,visual,True,1.0,character_not_visible;wave_character_missing
25267,955.754567,,,unknown,0.0,2,"[[980.0, 759.0], [444.0, 393.0]]",unknown,unknown,0.0,visual,True,1.0,character_not_visible;wave_character_missing
25318,957.754933,,,unknown,0.0,0,[],unknown,unknown,0.0,visual,True,1.0,character_not_visible;wave_character_missing
25369,959.7761,,,right,0.55,1,"[[344.0, 419.0]]",unknown,unknown,0.0,visual,True,1.0,character_not_visible;wave_character_missing
25424,961.804233,,,unknown,0.0,2,"[[1338.0, 829.0], [422.0, 717.0]]",unknown,unknown,0.0,visual,True,1.0,character_not_visible;wave_character_missing
25476,963.818467,,,right,0.55,0,[],unknown,unknown,0.0,visual,True,1.0,character_not_visible;wave_character_missing
25531,965.8327,,,unknown,0.0,0,[],unknown,unknown,0.0,visual,True,1.0,character_not_visible;wave_character_missing
25586,967.833033,,,left,0.55,1,"[[628.0, 611.0]]",unknown,unknown,0.0,visual,True,1.0,character_not_visible;wave_character_missing
25638,969.840333,,,left,0.55,0,[],unknown,unknown,0.0,visual,True,1.0,character_not_visible;wave_character_missing
25692,971.854567,,,left,0.55,1,"[[528.0, 361.0]]",unknown,unknown,0.0,visual,True,1.0,character_not_visible;wave_character_missing
25746,973.8549,,,right,0.55,2,"[[1369.0, 745.0], [942.0, 645.0]]",unknown,unknown,0.0,visual,True,1.0,character_not_visible;wave_character_missing
25802,975.889967,,,unknown,0.0,2,"[[989.0, 745.0], [522.0, 401.0]]",unknown,unknown,0.0,visual,True,1.0,character_not_visible;wave_character_missing
25858,977.911167,,,unknown,0.0,1,"[[1184.0, 757.0]]",unknown,unknown,0.0,visual,True,1.0,character_not_visible;wave_character_missing
25912,979.932367,,,right,0.55,1,"[[1058.0, 759.0]]",unknown,unknown,0.0,visual,True,1.0,character_not_visible;wave_character_missing
25966,981.960467,,,unknown,0.0,1,"[[1398.0, 775.0]]",unknown,unknown,0.0,visual,True,1.0,character_not_visible;wave_character_missing
26021,983.9886,,,left,0.55,1,"[[496.0, 393.0]]",unknown,unknown,0.0,visual,True,1.0,character_not_visible;wave_character_missing
26075,986.023667,,,unknown,0.0,1,"[[351.0, 699.0]]",unknown,unknown,0.0,visual,True,1.0,character_not_visible;wave_character_missing
26126,988.024033,,,unknown,0.0,0,[],unknown,unknown,0.0,visual,True,1.0,character_not_visible;wave_character_missing
26177,990.0313,,,unknown,0.0,0,[],unknown,unknown,0.0,visual,True,1.0,character_not_visible;wave_character_missing
26233,992.0525,,,right,0.55,0,[],unknown,unknown,0.0,visual,True,1.0,character_not_visible;wave_character_missing
26289,994.066733,,,right,0.55,0,[],unknown,unknown,0.0,visual,True,1.0,character_not_visible;wave_character_missing
26342,996.074,,,left,0.55,1,"[[152.0, 609.0]]",unknown,unknown,0.0,visual,True,1.0,character_not_visible;wave_character_missing
26396,998.074333,,,unknown,0.0,1,"[[918.0, 571.0]]",unknown,unknown,0.0,visual,True,1.0,character_not_visible;wave_character_missing
26449,1000.0886,,,left,0.55,0,[],unknown,unknown,0.0,visual,True,1.0,character_not_visible;wave_character_missing
26502,1002.088933,,,left,0.55,2,"[[546.0, 185.0], [618.0, 757.0]]",unknown,unknown,0.0,visual,True,1.0,character_not_visible;wave_character_missing
26555,1004.103167,,,unknown,0.0,3,"[[1228.0, 759.0], [317.0, 411.0], [856.0, 759.0]]",unknown,unknown,0.0,visual,True,1.0,character_not_visible;wave_character_missing
26610,1006.1313,,,unknown,0.0,1,"[[860.0, 755.0]]",unknown,unknown,0.0,visual,True,1.0,character_not_visible;wave_character_missing
26662,1008.159433,,,unknown,0.0,1,"[[860.0, 759.0]]",unknown,unknown,0.0,visual,True,1.0,character_not_visible;wave_character_missing
26717,1010.173633,,,right,0.55,1,"[[1330.0, 777.0]]",unknown,unknown,0.0,visual,True,1.0,character_not_visible;wave_character_missing
26770,1012.180933,,,right,0.55,0,[],unknown,unknown,0.0,visual,True,1.0,character_not_visible;wave_character_missing
26822,1014.202133,,,left,0.55,1,"[[1767.0, 711.0]]",unknown,unknown,0.0,visual,True,1.0,character_not_visible;wave_character_missing
26876,1016.2233,,,unknown,0.0,0,[],unknown,unknown,0.0,visual,True,1.0,character_not_visible;wave_character_missing
26932,1018.237533,,,left,0.55,2,"[[606.0, 365.0], [498.0, 163.0]]",unknown,unknown,0.0,visual,True,1.0,character_not_visible;wave_character_missing
26986,1020.265667,,,left,0.55,2,"[[896.0, 767.0], [241.0, 761.0]]",unknown,unknown,0.0,visual,True,1.0,character_not_visible;wave_character_missing
27037,1022.2799,,,unknown,0.0,0,[],unknown,unknown,0.0,visual,True,1.0,character_not_visible;wave_character_missing
27092,1024.3011,,,unknown,0.0,0,[],unknown,unknown,0.0,visual,True,1.0,character_not_visible;wave_character_missing
27140,1026.322267,,,unknown,0.0,1,"[[1398.0, 763.0]]",unknown,unknown,0.0,visual,True,1.0,character_not_visible;wave_character_missing
27192,1028.3365,,,unknown,0.0,0,[],unknown,unknown,0.0,visual,True,1.0,character_not_visible;wave_character_missing
27243,1030.3646,,,unknown,0.0,3,"[[554.0, 199.0], [554.0, 401.0], [1306.0, 619.0]]",unknown,unknown,0.0,visual,True,1.0,character_not_visible;wave_character_missing
27295,1032.364967,,,right,0.55,3,"[[634.0, 665.0], [586.0, 421.0], [940.0, 667.0]]",unknown,unknown,0.0,visual,True,1.0,character_not_visible;wave_character_missing
27349,1034.386167,,,right,0.55,1,"[[484.0, 219.0]]",unknown,unknown,0.0,visual,True,1.0,character_not_visible;wave_character_missing
27403,1036.4004,,,right,0.55,0,[],unknown,unknown,0.0,visual,True,1.0,character_not_visible;wave_character_missing
27456,1038.4285,,,left,0.55,0,[],unknown,unknown,0.0,visual,True,1.0,character_not_visible;wave_character_missing
27508,1040.442733,,,unknown,0.0,5,"[[1310.0, 723.0], [250.0, 717.0], [398.0, 605.0], [1632.0, 717.0], [104.0, 717.0]]",unknown,unknown,0.0,visual,True,1.0,character_not_visible;wave_character_missing
27562,1042.457,,,left,0.55,3,"[[234.0, 733.0], [462.0, 169.0], [1470.0, 737.0]]",unknown,unknown,0.0,visual,True,1.0,character_not_visible;wave_character_missing
27617,1044.457333,,,right,0.55,3,"[[1098.0, 767.0], [462.0, 199.0], [1330.0, 767.0]]",unknown,unknown,0.0,visual,True,1.0,character_not_visible;wave_character_missing
27670,1046.464633,,,unknown,0.0,1,"[[954.0, 767.0]]",unknown,unknown,0.0,visual,True,1.0,character_not_visible;wave_character_missing
27722,1048.478833,,,unknown,0.0,0,[],unknown,unknown,0.0,visual,True,1.0,character_not_visible;wave_character_missing
27773,1050.486133,,,unknown,0.0,0,[],unknown,unknown,0.0,visual,True,1.0,character_not_visible;wave_character_missing
27827,1052.5351,,,right,0.55,0,[],unknown,unknown,0.0,visual,True,1.0,character_not_visible;wave_character_missing
27881,1054.563233,,,right,0.55,1,"[[482.0, 221.0]]",unknown,unknown,0.0,visual,True,1.0,character_not_visible;wave_character_missing
27933,1056.577467,,,right,0.55,0,[],unknown,unknown,0.0,visual,True,1.0,character_not_visible;wave_character_missing
27986,1058.598667,,,left,0.55,1,"[[526.0, 611.0]]",unknown,unknown,0.0,visual,True,1.0,character_not_visible;wave_character_missing
28040,1060.619833,,,unknown,0.0,0,[],unknown,unknown,0.0,visual,True,1.0,character_not_visible;wave_character_missing
28094,1062.627133,,,left,0.55,1,"[[680.0, 365.0]]",unknown,unknown,0.0,visual,True,1.0,character_not_visible;wave_character_missing
28148,1064.6483,,,right,0.55,1,"[[664.0, 759.0]]",unknown,unknown,0.0,visual,True,1.0,character_not_visible;wave_character_missing
28203,1066.662533,,,unknown,0.0,1,"[[488.0, 189.0]]",unknown,unknown,0.0,visual,True,1.0,character_not_visible;wave_character_missing
28254,1068.662867,,,unknown,0.0,1,"[[1398.0, 753.0]]",unknown,unknown,0.0,visual,True,1.0,character_not_visible;wave_character_missing
28310,1070.691,,,unknown,0.0,3,"[[1398.0, 757.0], [508.0, 401.0], [1000.0, 759.0]]",unknown,unknown,0.0,visual,True,1.0,character_not_visible;wave_character_missing
28361,1072.719133,,,right,0.55,0,[],unknown,unknown,0.0,visual,True,1.0,character_not_visible;wave_character_missing
28415,1074.733367,,,right,0.55,1,"[[1821.0, 711.0]]",unknown,unknown,0.0,visual,True,1.0,character_not_visible;wave_character_missing
28466,1076.7615,,,left,0.55,0,[],unknown,unknown,0.0,visual,True,1.0,character_not_visible;wave_character_missing
28518,1078.761833,,,unknown,0.0,0,[],unknown,unknown,0.0,visual,True,1.0,character_not_visible;wave_character_missing
28574,1080.776067,,,left,0.55,4,"[[381.0, 623.0], [1682.0, 749.0], [189.0, 747.0], [305.0, 747.0]]",unknown,unknown,0.0,visual,True,1.0,character_not_visible;wave_character_missing
28627,1082.7903,,,right,0.55,2,"[[1308.0, 751.0], [584.0, 385.0]]",unknown,unknown,0.0,visual,True,1.0,character_not_visible;wave_character_missing
28682,1084.825367,,,right,0.55,4,"[[1389.0, 771.0], [930.0, 769.0], [563.0, 205.0], [674.0, 775.0]]",unknown,unknown,0.0,visual,True,1.0,character_not_visible;wave_character_missing
28736,1086.825733,,,unknown,0.0,3,"[[362.0, 415.0], [1209.0, 787.0], [1389.0, 769.0]]",unknown,unknown,0.0,visual,True,1.0,character_not_visible;wave_character_missing
28791,1088.8469,,,unknown,0.0,0,[],unknown,unknown,0.0,visual,True,1.0,character_not_visible;wave_character_missing
28847,1090.861133,,,left,0.55,0,[],unknown,unknown,0.0,visual,True,1.0,character_not_visible;wave_character_missing
28900,1092.917033,,,right,0.55,2,"[[1418.0, 799.0], [1068.0, 799.0]]",unknown,unknown,0.0,visual,True,1.0,character_not_visible;wave_character_missing
28954,1094.924333,,,right,0.55,0,[],unknown,unknown,0.0,visual,True,1.0,character_not_visible;wave_character_missing
29008,1096.931633,,,right,0.55,0,[],unknown,unknown,0.0,visual,True,1.0,character_not_visible;wave_character_missing
29063,1098.959767,,,left,0.55,0,[],unknown,unknown,0.0,visual,True,1.0,character_not_visible;wave_character_missing
29117,1100.9601,,,left,0.55,1,"[[484.0, 735.0]]",unknown,unknown,0.0,visual,True,1.0,character_not_visible;wave_character_missing
29172,1102.9813,,,left,0.55,1,"[[1196.0, 735.0]]",unknown,unknown,0.0,visual,True,1.0,character_not_visible;wave_character_missing
29229,1104.995533,,,left,0.55,1,"[[551.0, 365.0]]",unknown,unknown,0.0,visual,True,1.0,character_not_visible;wave_character_missing
29281,1107.0028,,,unknown,0.0,1,"[[735.0, 755.0]]",unknown,unknown,0.0,visual,True,1.0,character_not_visible;wave_character_missing
29335,1109.0101,,,unknown,0.0,0,[],unknown,unknown,0.0,visual,True,1.0,character_not_visible;wave_character_missing
29387,1111.017367,,,unknown,0.0,0,[],unknown,unknown,0.0,visual,True,1.0,character_not_visible;wave_character_missing
29439,1113.017733,,,right,0.55,0,[],unknown,unknown,0.0,visual,True,1.0,character_not_visible;wave_character_missing
29493,1115.0389,,,unknown,0.0,0,[],unknown,unknown,0.0,visual,True,1.0,character_not_visible;wave_character_missing
29545,1117.0601,,,left,0.55,0,[],unknown,unknown,0.0,visual,True,1.0,character_not_visible;wave_character_missing
29601,1119.081267,,,left,0.55,1,"[[427.0, 723.0]]",unknown,unknown,0.0,visual,True,1.0,character_not_visible;wave_character_missing
29654,1121.0955,,,left,0.55,1,"[[413.0, 361.0]]",unknown,unknown,0.0,visual,True,1.0,character_not_visible;wave_character_missing
29707,1123.109733,,,right,0.55,4,"[[1626.0, 733.0], [1320.0, 725.0], [670.0, 367.0], [569.0, 163.0]]",unknown,unknown,0.0,visual,True,1.0,character_not_visible;wave_character_missing
29760,1125.1101,,,unknown,0.0,2,"[[798.0, 753.0], [1250.0, 759.0]]",unknown,unknown,0.0,visual,True,1.0,character_not_visible;wave_character_missing
29812,1127.110433,184.0,637.0,right,0.1357,2,"[[898.0, 761.0], [1162.0, 761.0]]",active,right,0.98,visual,True,1.0,
29864,1129.117733,,,unknown,0.0,2,"[[754.0, 761.0], [396.0, 403.0]]",unknown,unknown,0.0,visual,True,1.0,character_not_visible;wave_character_missing
29916,1131.118067,184.0,637.0,right,0.1744,2,"[[558.0, 191.0], [924.0, 759.0]]",active,left,0.98,visual,True,1.0,
29969,1133.1184,,,right,0.55,2,"[[1218.0, 647.0], [454.0, 397.0]]",unknown,unknown,0.0,visual,True,1.0,character_not_visible;wave_character_missing
30022,1135.118767,,,right,0.55,0,[],unknown,unknown,0.0,visual,True,1.0,character_not_visible;wave_character_missing
30074,1137.1191,,,left,0.55,1,"[[626.0, 603.0]]",unknown,unknown,0.0,visual,True,1.0,character_not_visible;wave_character_missing
30128,1139.133333,,,unknown,0.0,0,[],unknown,unknown,0.0,visual,True,1.0,character_not_visible;wave_character_missing
30182,1141.133667,,,left,0.55,2,"[[1696.0, 725.0], [632.0, 367.0]]",unknown,unknown,0.0,visual,True,1.0,character_not_visible;wave_character_missing
30233,1143.134,,,right,0.55,4,"[[1493.0, 749.0], [1336.0, 755.0], [1128.0, 763.0], [978.0, 649.0]]",unknown,unknown,0.0,visual,True,1.0,character_not_visible;wave_character_missing
30286,1145.1552,,,unknown,0.0,4,"[[688.0, 659.0], [538.0, 227.0], [1089.0, 791.0], [954.0, 773.0]]",unknown,unknown,0.0,visual,True,1.0,character_not_visible;wave_character_missing
30339,1147.176367,,,unknown,0.0,0,[],unknown,unknown,0.0,visual,True,1.0,character_not_visible;wave_character_missing
30391,1149.176733,,,unknown,0.0,1,"[[504.0, 227.0]]",unknown,unknown,0.0,visual,True,1.0,character_not_visible;wave_character_missing
30445,1151.2118,,,right,0.55,0,[],unknown,unknown,0.0,visual,True,1.0,character_not_visible;wave_character_missing
30498,1153.2399,,,left,0.55,0,[],unknown,unknown,0.0,visual,True,1.0,character_not_visible;wave_character_missing
30552,1155.254167,,,left,0.55,0,[],unknown,unknown,0.0,visual,True,1.0,character_not_visible;wave_character_missing
30605,1157.282267,,,right,0.55,0,[],unknown,unknown,0.0,visual,True,1.0,character_not_visible;wave_character_missing
30659,1159.352067,,,unknown,0.0,0,[],unknown,unknown,0.0,visual,True,1.0,character_not_visible;wave_character_missing
30712,1161.3663,,,unknown,0.0,0,[],unknown,unknown,0.0,visual,True,1.0,character_not_visible;wave_character_missing
30768,1163.3875,,,right,0.55,0,[],unknown,unknown,0.0,visual,True,1.0,character_not_visible;wave_character_missing
30822,1165.401733,,,right,0.55,1,"[[194.0, 723.0]]",unknown,unknown,0.0,visual,True,1.0,character_not_visible;wave_character_missing
30877,1167.429867,,,left,0.55,0,[],unknown,unknown,0.0,visual,True,1.0,character_not_visible;wave_character_missing
30930,1169.4302,,,unknown,0.0,0,[],unknown,unknown,0.0,visual,True,1.0,character_not_visible;wave_character_missing
30984,1171.437467,,,left,0.55,2,"[[1582.0, 725.0], [576.0, 149.0]]",unknown,unknown,0.0,visual,True,1.0,character_not_visible;wave_character_missing
31038,1173.437833,,,unknown,0.0,1,"[[566.0, 185.0]]",unknown,unknown,0.0,visual,True,1.0,character_not_visible;wave_character_missing
31092,1175.452067,,,unknown,0.0,1,"[[324.0, 401.0]]",unknown,unknown,0.0,visual,True,1.0,character_not_visible;wave_character_missing
31145,1177.4802,,,unknown,0.0,1,"[[530.0, 399.0]]",unknown,unknown,0.0,visual,True,1.0,character_not_visible;wave_character_missing
31198,1179.4875,,,right,0.55,1,"[[700.0, 393.0]]",unknown,unknown,0.0,visual,True,1.0,character_not_visible;wave_character_missing
31251,1181.501733,,,right,0.55,1,"[[156.0, 721.0]]",unknown,unknown,0.0,visual,True,1.0,character_not_visible;wave_character_missing
31304,1183.509033,,,left,0.55,0,[],unknown,unknown,0.0,visual,True,1.0,character_not_visible;wave_character_missing
31357,1185.5163,,,left,0.55,1,"[[80.0, 603.0]]",unknown,unknown,0.0,visual,True,1.0,character_not_visible;wave_character_missing
31412,1187.516667,,,left,0.55,1,"[[442.0, 165.0]]",unknown,unknown,0.0,visual,True,1.0,character_not_visible;wave_character_missing
31466,1189.523933,,,right,0.55,0,[],unknown,unknown,0.0,visual,True,1.0,character_not_visible;wave_character_missing
31521,1191.552067,,,right,0.55,1,"[[226.0, 399.0]]",unknown,unknown,0.0,visual,True,1.0,character_not_visible;wave_character_missing
31574,1193.5663,,,left,0.55,2,"[[1511.0, 749.0], [198.0, 755.0]]",unknown,unknown,0.0,visual,True,1.0,character_not_visible;wave_character_missing
31625,1195.566633,,,unknown,0.0,3,"[[557.0, 187.0], [1380.0, 757.0], [854.0, 749.0]]",unknown,unknown,0.0,visual,True,1.0,character_not_visible;wave_character_missing
31680,1197.587833,,,right,0.55,1,"[[557.0, 211.0]]",unknown,unknown,0.0,visual,True,1.0,character_not_visible;wave_character_missing
31735,1199.602067,,,unknown,0.0,0,[],unknown,unknown,0.0,visual,True,1.0,character_not_visible;wave_character_missing
31786,1201.602367,,,right,0.55,0,[],unknown,unknown,0.0,visual,True,1.0,character_not_visible;wave_character_missing
31840,1203.623567,,,right,0.55,1,"[[1432.0, 743.0]]",unknown,unknown,0.0,visual,True,1.0,character_not_visible;wave_character_missing
31895,1205.6517,,,left,0.55,0,[],unknown,unknown,0.0,visual,True,1.0,character_not_visible;wave_character_missing
31950,1207.6729,,,left,0.55,0,[],unknown,unknown,0.0,visual,True,1.0,character_not_visible;wave_character_missing
32003,1209.701,,,unknown,0.0,2,"[[1128.0, 717.0], [408.0, 721.0]]",unknown,unknown,0.0,visual,True,1.0,character_not_visible;wave_character_missing
32056,1211.7361,,,left,0.55,0,[],unknown,unknown,0.0,visual,True,1.0,character_not_visible;wave_character_missing
32110,1213.750333,,,left,0.55,2,"[[1388.0, 769.0], [462.0, 197.0]]",unknown,unknown,0.0,visual,True,1.0,character_not_visible;wave_character_missing
32164,1215.7715,,,unknown,0.0,1,"[[1020.0, 767.0]]",unknown,unknown,0.0,visual,True,1.0,character_not_visible;wave_character_missing
32217,1217.7927,198.0,651.0,right,0.3229,2,"[[1310.0, 767.0], [142.0, 415.0]]",active,right,0.98,visual,True,1.0,
32271,1219.813867,,,unknown,0.0,1,"[[563.0, 201.0]]",unknown,unknown,0.0,visual,True,1.0,character_not_visible;wave_character_missing
32325,1221.821167,,,unknown,0.0,1,"[[175.0, 443.0]]",unknown,unknown,0.0,visual,True,1.0,character_not_visible;wave_character_missing
32376,1223.8215,,,right,0.55,2,"[[552.0, 221.0], [1404.0, 789.0]]",unknown,unknown,0.0,visual,True,1.0,character_not_visible;wave_character_missing
32428,1225.849633,,,right,0.55,0,[],unknown,unknown,0.0,visual,True,1.0,character_not_visible;wave_character_missing
32482,1227.877733,,,left,0.55,0,[],unknown,unknown,0.0,visual,True,1.0,character_not_visible;wave_character_missing
32532,1229.8781,,,left,0.55,2,"[[458.0, 365.0], [1543.0, 711.0]]",unknown,unknown,0.0,visual,True,1.0,character_not_visible;wave_character_missing
32587,1231.899267,,,left,0.55,1,"[[489.0, 161.0]]",unknown,unknown,0.0,visual,True,1.0,character_not_visible;wave_character_missing
32643,1233.9274,,,unknown,0.0,1,"[[1176.0, 757.0]]",unknown,unknown,0.0,visual,True,1.0,character_not_visible;wave_character_missing
32695,1235.941633,,,unknown,0.0,3,"[[798.0, 759.0], [253.0, 757.0], [448.0, 189.0]]",unknown,unknown,0.0,visual,True,1.0,character_not_visible;wave_character_missing
32748,1237.969767,,,unknown,0.0,1,"[[524.0, 185.0]]",unknown,unknown,0.0,visual,True,1.0,character_not_visible;wave_character_missing
32800,1240.025667,,,left,0.55,2,"[[500.0, 421.0], [378.0, 779.0]]",unknown,unknown,0.0,visual,True,1.0,character_not_visible;wave_character_missing
32852,1242.032967,,,right,0.55,2,"[[1186.0, 665.0], [540.0, 213.0]]",unknown,unknown,0.0,visual,True,1.0,character_not_visible;wave_character_missing
32906,1244.0611,,,right,0.55,0,[],unknown,unknown,0.0,visual,True,1.0,character_not_visible;wave_character_missing
32961,1246.082267,,,left,0.55,0,[],unknown,unknown,0.0,visual,True,1.0,character_not_visible;wave_character_missing
33017,1248.0965,,,left,0.55,0,[],unknown,unknown,0.0,visual,True,1.0,character_not_visible;wave_character_missing
33071,1250.096867,,,left,0.55,1,"[[688.0, 383.0]]",unknown,unknown,0.0,visual,True,1.0,character_not_visible;wave_character_missing
33121,1252.0972,,,unknown,0.0,0,[],unknown,unknown,0.0,visual,True,1.0,character_not_visible;wave_character_missing
33175,1254.118367,,,unknown,0.0,2,"[[1070.0, 761.0], [578.0, 201.0]]",unknown,unknown,0.0,visual,True,1.0,character_not_visible;wave_character_missing
33227,1256.125667,,,unknown,0.0,1,"[[623.0, 395.0]]",unknown,unknown,0.0,visual,True,1.0,character_not_visible;wave_character_missing
33279,1258.132967,,,unknown,0.0,0,[],unknown,unknown,0.0,visual,True,1.0,character_not_visible;wave_character_missing
33333,1260.140233,,,left,0.55,0,[],unknown,unknown,0.0,visual,True,1.0,character_not_visible;wave_character_missing
33385,1262.147533,,,left,0.55,0,[],unknown,unknown,0.0,visual,True,1.0,character_not_visible;wave_character_missing
33439,1264.161767,,,unknown,0.0,0,[],unknown,unknown,0.0,visual,True,1.0,character_not_visible;wave_character_missing
33493,1266.182967,,,unknown,0.0,2,"[[496.0, 427.0], [186.0, 441.0]]",unknown,unknown,0.0,visual,True,1.0,character_not_visible;wave_character_missing
33544,1268.218,,,right,0.55,2,"[[640.0, 779.0], [496.0, 427.0]]",unknown,unknown,0.0,visual,True,1.0,character_not_visible;wave_character_missing
33598,1270.225333,,,right,0.55,1,"[[1026.0, 783.0]]",unknown,unknown,0.0,visual,True,1.0,character_not_visible;wave_character_missing
33652,1272.253433,,,left,0.55,0,[],unknown,unknown,0.0,visual,True,1.0,character_not_visible;wave_character_missing
33704,1274.2885,,,left,0.55,1,"[[460.0, 365.0]]",unknown,unknown,0.0,visual,True,1.0,character_not_visible;wave_character_missing
33756,1276.2958,,,left,0.55,1,"[[1354.0, 751.0]]",unknown,unknown,0.0,visual,True,1.0,character_not_visible;wave_character_missing
33810,1278.323933,,,right,0.55,1,"[[984.0, 773.0]]",unknown,unknown,0.0,visual,True,1.0,character_not_visible;wave_character_missing
33862,1280.3451,,,unknown,0.0,2,"[[1118.0, 779.0], [568.0, 213.0]]",unknown,unknown,0.0,visual,True,1.0,character_not_visible;wave_character_missing
33913,1282.345433,,,right,0.55,2,"[[1218.0, 775.0], [528.0, 213.0]]",unknown,unknown,0.0,visual,True,1.0,character_not_visible;wave_character_missing
33967,1284.359667,,,unknown,0.0,1,"[[990.0, 801.0]]",unknown,unknown,0.0,visual,True,1.0,character_not_visible;wave_character_missing
34017,1286.380867,,,right,0.55,3,"[[210.0, 809.0], [1354.0, 801.0], [990.0, 807.0]]",unknown,unknown,0.0,visual,True,1.0,character_not_visible;wave_character_missing
34069,1288.388167,,,right,0.55,1,"[[462.0, 391.0]]",unknown,unknown,0.0,visual,True,1.0,character_not_visible;wave_character_missing
34120,1290.395433,,,left,0.55,2,"[[1740.0, 717.0], [694.0, 583.0]]",unknown,unknown,0.0,visual,True,1.0,character_not_visible;wave_character_missing
34170,1292.416633,,,unknown,0.0,1,"[[92.0, 721.0]]",unknown,unknown,0.0,visual,True,1.0,character_not_visible;wave_character_missing
34225,1294.423933,,,left,0.55,2,"[[504.0, 167.0], [464.0, 731.0]]",unknown,unknown,0.0,visual,True,1.0,character_not_visible;wave_character_missing
34281,1296.4312,,,left,0.55,2,"[[1245.0, 755.0], [1096.0, 655.0]]",unknown,unknown,0.0,visual,True,1.0,character_not_visible;wave_character_missing
34336,1298.431533,,,unknown,0.0,0,[],unknown,unknown,0.0,visual,True,1.0,character_not_visible;wave_character_missing
34390,1300.459667,,,unknown,0.0,1,"[[726.0, 781.0]]",unknown,unknown,0.0,visual,True,1.0,character_not_visible;wave_character_missing
34441,1302.508633,,,unknown,0.0,3,"[[1231.0, 677.0], [506.0, 213.0], [1158.0, 781.0]]",unknown,unknown,0.0,visual,True,1.0,character_not_visible;wave_character_missing
34493,1304.509,,,right,0.55,1,"[[782.0, 779.0]]",unknown,unknown,0.0,visual,True,1.0,character_not_visible;wave_character_missing
34547,1306.516267,,,right,0.55,0,[],unknown,unknown,0.0,visual,True,1.0,character_not_visible;wave_character_missing
34599,1308.537467,,,left,0.55,1,"[[294.0, 609.0]]",unknown,unknown,0.0,visual,True,1.0,character_not_visible;wave_character_missing
34653,1310.565567,,,left,0.55,1,"[[176.0, 725.0]]",unknown,unknown,0.0,visual,True,1.0,character_not_visible;wave_character_missing
34708,1312.5798,,,left,0.55,1,"[[272.0, 737.0]]",unknown,unknown,0.0,visual,True,1.0,character_not_visible;wave_character_missing
34763,1314.607933,,,unknown,0.0,0,[],unknown,unknown,0.0,visual,True,1.0,character_not_visible;wave_character_missing
34818,1316.622167,,,right,0.55,2,"[[848.0, 773.0], [673.0, 669.0]]",unknown,unknown,0.0,visual,True,1.0,character_not_visible;wave_character_missing
34872,1318.629467,,,unknown,0.0,1,"[[470.0, 203.0]]",unknown,unknown,0.0,visual,True,1.0,character_not_visible;wave_character_missing
34921,1320.6645,,,right,0.55,1,"[[548.0, 203.0]]",unknown,unknown,0.0,visual,True,1.0,character_not_visible;wave_character_missing
34970,1322.685733,,,right,0.55,2,"[[1148.0, 789.0], [544.0, 219.0]]",unknown,unknown,0.0,visual,True,1.0,character_not_visible;wave_character_missing
35024,1324.7069,,,left,0.55,2,"[[1836.0, 721.0], [178.0, 723.0]]",unknown,unknown,0.0,visual,True,1.0,character_not_visible;wave_character_missing
35078,1326.707233,,,unknown,0.0,0,[],unknown,unknown,0.0,visual,True,1.0,character_not_visible;wave_character_missing
35131,1328.735367,,,right,0.55,4,"[[574.0, 189.0], [503.0, 383.0], [224.0, 749.0], [1704.0, 747.0]]",unknown,unknown,0.0,visual,True,1.0,character_not_visible;wave_character_missing
35185,1330.742667,,,unknown,0.0,2,"[[1314.0, 779.0], [1042.0, 665.0]]",unknown,unknown,0.0,visual,True,1.0,character_not_visible;wave_character_missing
35238,1332.784667,,,unknown,0.0,1,"[[932.0, 779.0]]",unknown,unknown,0.0,visual,True,1.0,character_not_visible;wave_character_missing
35289,1334.8128,,,unknown,0.0,3,"[[1412.0, 779.0], [566.0, 203.0], [680.0, 771.0]]",unknown,unknown,0.0,visual,True,1.0,character_not_visible;wave_character_missing
35344,1336.8201,,,unknown,0.0,0,[],unknown,unknown,0.0,visual,True,1.0,character_not_visible;wave_character_missing
35399,1338.848233,,,right,0.55,4,"[[1294.0, 779.0], [632.0, 417.0], [1432.0, 777.0], [1210.0, 663.0]]",unknown,unknown,0.0,visual,True,1.0,character_not_visible;wave_character_missing
35452,1340.8555,,,left,0.55,3,"[[560.0, 353.0], [948.0, 913.0], [874.0, 805.0]]",unknown,unknown,0.0,visual,True,1.0,character_not_visible;wave_character_missing
35507,1342.869733,,,left,0.55,0,[],unknown,unknown,0.0,visual,True,1.0,character_not_visible;wave_character_missing
35561,1344.883967,,,unknown,0.0,0,[],unknown,unknown,0.0,visual,True,1.0,character_not_visible;wave_character_missing
35615,1346.905167,,,unknown,0.0,0,[],unknown,unknown,0.0,visual,True,1.0,character_not_visible;wave_character_missing
35670,1348.926333,,,right,0.55,0,[],unknown,unknown,0.0,visual,True,1.0,character_not_visible;wave_character_missing
35723,1350.926667,,,left,0.55,0,[],unknown,unknown,0.0,visual,True,1.0,character_not_visible;wave_character_missing
35775,1352.954767,,,right,0.55,0,[],unknown,unknown,0.0,visual,True,1.0,character_not_visible;wave_character_missing
35830,1354.976,,,unknown,0.0,1,"[[174.0, 505.0]]",unknown,unknown,0.0,visual,True,1.0,character_not_visible;wave_character_missing
35885,1356.990233,,,unknown,0.0,0,[],unknown,unknown,0.0,visual,True,1.0,character_not_visible;wave_character_missing
35938,1359.004467,,,left,0.55,0,[],unknown,unknown,0.0,visual,True,1.0,character_not_visible;wave_character_missing
35990,1361.0187,,,unknown,0.0,0,[],unknown,unknown,0.0,visual,True,1.0,character_not_visible;wave_character_missing
36039,1363.026,,,right,0.55,1,"[[234.0, 487.0]]",unknown,unknown,0.0,visual,True,1.0,character_not_visible;wave_character_missing
36094,1365.0541,,,right,0.55,3,"[[492.0, 281.0], [1290.0, 863.0], [1055.0, 847.0]]",unknown,unknown,0.0,visual,True,1.0,character_not_visible;wave_character_missing
36147,1367.068333,,,right,0.55,0,[],unknown,unknown,0.0,visual,True,1.0,character_not_visible;wave_character_missing
36201,1369.096467,,,left,0.55,1,"[[1454.0, 725.0]]",unknown,unknown,0.0,visual,True,1.0,character_not_visible;wave_character_missing
36254,1371.131533,,,left,0.55,0,[],unknown,unknown,0.0,visual,True,1.0,character_not_visible;wave_character_missing
36307,1373.145767,,,unknown,0.0,1,"[[1445.0, 747.0]]",unknown,unknown,0.0,visual,True,1.0,character_not_visible;wave_character_missing
36361,1375.1739,,,left,0.55,0,[],unknown,unknown,0.0,visual,True,1.0,character_not_visible;wave_character_missing
36414,1377.174233,,,unknown,0.0,0,[],unknown,unknown,0.0,visual,True,1.0,character_not_visible;wave_character_missing
36467,1379.181533,,,unknown,0.0,0,[],unknown,unknown,0.0,visual,True,1.0,character_not_visible;wave_character_missing
36521,1381.188833,,,unknown,0.0,0,[],unknown,unknown,0.0,visual,True,1.0,character_not_visible;wave_character_missing
36574,1383.216967,,,unknown,0.0,0,[],unknown,unknown,0.0,visual,True,1.0,character_not_visible;wave_character_missing
36626,1385.238133,,,right,0.55,2,"[[236.0, 773.0], [353.0, 651.0]]",unknown,unknown,0.0,visual,True,1.0,character_not_visible;wave_character_missing
36679,1387.252333,,,right,0.55,0,[],unknown,unknown,0.0,visual,True,1.0,character_not_visible;wave_character_missing
36733,1389.259633,,,left,0.55,0,[],unknown,unknown,0.0,visual,True,1.0,character_not_visible;wave_character_missing
36789,1391.2739,,,left,0.55,0,[],unknown,unknown,0.0,visual,True,1.0,character_not_visible;wave_character_missing
36842,1393.281167,,,left,0.55,3,"[[312.0, 725.0], [405.0, 597.0], [1744.0, 725.0]]",unknown,unknown,0.0,visual,True,1.0,character_not_visible;wave_character_missing
36898,1395.3093,,,left,0.55,4,"[[536.0, 151.0], [265.0, 597.0], [1781.0, 735.0], [686.0, 365.0]]",unknown,unknown,0.0,visual,True,1.0,character_not_visible;wave_character_missing
36951,1397.323533,,,left,0.55,1,"[[542.0, 209.0]]",unknown,unknown,0.0,visual,True,1.0,character_not_visible;wave_character_missing
37008,1399.337767,,,unknown,0.0,1,"[[538.0, 207.0]]",unknown,unknown,0.0,visual,True,1.0,character_not_visible;wave_character_missing
37063,1401.352,,,unknown,0.0,1,"[[681.0, 749.0]]",unknown,unknown,0.0,visual,True,1.0,character_not_visible;wave_character_missing
37115,1403.366233,,,right,0.55,1,"[[1122.0, 763.0]]",unknown,unknown,0.0,visual,True,1.0,character_not_visible;wave_character_missing
37165,1405.366567,,,right,0.55,0,[],unknown,unknown,0.0,visual,True,1.0,character_not_visible;wave_character_missing
37217,1407.3669,,,right,0.55,0,[],unknown,unknown,0.0,visual,True,1.0,character_not_visible;wave_character_missing
37271,1409.3881,,,left,0.55,1,"[[760.0, 723.0]]",unknown,unknown,0.0,visual,True,1.0,character_not_visible;wave_character_missing
37326,1411.4093,,,left,0.55,0,[],unknown,unknown,0.0,visual,True,1.0,character_not_visible;wave_character_missing
37382,1413.4166,,,left,0.55,1,"[[236.0, 717.0]]",unknown,unknown,0.0,visual,True,1.0,character_not_visible;wave_character_missing
37436,1415.479433,,,right,0.55,3,"[[1158.0, 717.0], [578.0, 159.0], [260.0, 721.0]]",unknown,unknown,0.0,visual,True,1.0,character_not_visible;wave_character_missing
37491,1417.521467,,,unknown,0.0,2,"[[665.0, 389.0], [548.0, 639.0]]",unknown,unknown,0.0,visual,True,1.0,character_not_visible;wave_character_missing
37544,1419.521767,,,unknown,0.0,0,[],unknown,unknown,0.0,visual,True,1.0,character_not_visible;wave_character_missing
37598,1421.5499,,,unknown,0.0,0,[],unknown,unknown,0.0,visual,True,1.0,character_not_visible;wave_character_missing
37653,1423.585033,,,right,0.55,2,"[[446.0, 207.0], [440.0, 397.0]]",unknown,unknown,0.0,visual,True,1.0,character_not_visible;wave_character_missing
37707,1425.606133,,,right,0.55,0,[],unknown,unknown,0.0,visual,True,1.0,character_not_visible;wave_character_missing
37762,1427.6065,,,left,0.55,2,"[[698.0, 607.0], [906.0, 723.0]]",unknown,unknown,0.0,visual,True,1.0,character_not_visible;wave_character_missing
37815,1429.634633,,,unknown,0.0,0,[],unknown,unknown,0.0,visual,True,1.0,character_not_visible;wave_character_missing
37870,1431.669733,,,left,0.55,0,[],unknown,unknown,0.0,visual,True,1.0,character_not_visible;wave_character_missing
37922,1433.670067,,,left,0.55,0,[],unknown,unknown,0.0,visual,True,1.0,character_not_visible;wave_character_missing
37977,1435.712067,264.0,665.0,right,0.5834,1,"[[1526.0, 789.0]]",active,right,0.98,visual,True,1.0,
38030,1437.719367,,,unknown,0.0,1,"[[1458.0, 781.0]]",unknown,unknown,0.0,visual,True,1.0,character_not_visible;wave_character_missing
38084,1439.740567,,,right,0.55,1,"[[1066.0, 789.0]]",unknown,unknown,0.0,visual,True,1.0,character_not_visible;wave_character_missing
38137,1441.7826,,,right,0.55,1,"[[1352.0, 789.0]]",unknown,unknown,0.0,visual,True,1.0,character_not_visible;wave_character_missing
38190,1443.789867,,,right,0.55,1,"[[1570.0, 723.0]]",unknown,unknown,0.0,visual,True,1.0,character_not_visible;wave_character_missing
38245,1445.818,,,left,0.55,0,[],unknown,unknown,0.0,visual,True,1.0,character_not_visible;wave_character_missing
38299,1447.825267,,,left,0.55,0,[],unknown,unknown,0.0,visual,True,1.0,character_not_visible;wave_character_missing
38356,1449.846467,,,unknown,0.0,1,"[[582.0, 391.0]]",unknown,unknown,0.0,visual,True,1.0,character_not_visible;wave_character_missing
38412,1451.8746,,,left,0.55,1,"[[810.0, 745.0]]",unknown,unknown,0.0,visual,True,1.0,character_not_visible;wave_character_missing
38463,1453.8888,,,unknown,0.0,0,[],unknown,unknown,0.0,visual,True,1.0,character_not_visible;wave_character_missing
38516,1455.91,,,unknown,0.0,3,"[[566.0, 221.0], [1264.0, 767.0], [452.0, 417.0]]",unknown,unknown,0.0,visual,True,1.0,character_not_visible;wave_character_missing
38568,1457.917267,,,unknown,0.0,2,"[[604.0, 661.0], [680.0, 767.0]]",unknown,unknown,0.0,visual,True,1.0,character_not_visible;wave_character_missing
38623,1459.9385,,,unknown,0.0,2,"[[690.0, 769.0], [1109.0, 771.0]]",unknown,unknown,0.0,visual,True,1.0,character_not_visible;wave_character_missing
38678,1461.945767,,,right,0.55,0,[],unknown,unknown,0.0,visual,True,1.0,character_not_visible;wave_character_missing
38730,1463.9739,,,unknown,0.0,2,"[[576.0, 221.0], [614.0, 417.0]]",unknown,unknown,0.0,visual,True,1.0,character_not_visible;wave_character_missing
38784,1465.988133,,,right,0.55,1,"[[574.0, 201.0]]",unknown,unknown,0.0,visual,True,1.0,character_not_visible;wave_character_missing
38837,1467.9954,,,right,0.55,1,"[[542.0, 237.0]]",unknown,unknown,0.0,visual,True,1.0,character_not_visible;wave_character_missing
38889,1470.009633,,,right,0.55,0,[],unknown,unknown,0.0,visual,True,1.0,character_not_visible;wave_character_missing
38943,1472.0239,,,left,0.55,2,"[[936.0, 723.0], [650.0, 723.0]]",unknown,unknown,0.0,visual,True,1.0,character_not_visible;wave_character_missing
38996,1474.045067,,,left,0.55,0,[],unknown,unknown,0.0,visual,True,1.0,character_not_visible;wave_character_missing
39052,1476.052367,,,left,0.55,0,[],unknown,unknown,0.0,visual,True,1.0,character_not_visible;wave_character_missing
39101,1478.0527,,,left,0.55,0,[],unknown,unknown,0.0,visual,True,1.0,character_not_visible;wave_character_missing
39157,1480.0808,,,left,0.55,3,"[[884.0, 777.0], [452.0, 231.0], [1085.0, 795.0]]",unknown,unknown,0.0,visual,True,1.0,character_not_visible;wave_character_missing
39208,1482.088133,,,unknown,0.0,1,"[[530.0, 231.0]]",unknown,unknown,0.0,visual,True,1.0,character_not_visible;wave_character_missing
39261,1484.109267,,,unknown,0.0,3,"[[1388.0, 777.0], [346.0, 425.0], [1082.0, 777.0]]",unknown,unknown,0.0,visual,True,1.0,character_not_visible;wave_character_missing
39313,1486.1235,,,unknown,0.0,1,"[[344.0, 671.0]]",unknown,unknown,0.0,visual,True,1.0,character_not_visible;wave_character_missing
39369,1488.123867,,,right,0.55,1,"[[622.0, 785.0]]",unknown,unknown,0.0,visual,True,1.0,character_not_visible;wave_character_missing
39423,1490.152,,,right,0.55,0,[],unknown,unknown,0.0,visual,True,1.0,character_not_visible;wave_character_missing
39479,1492.180133,,,left,0.55,1,"[[854.0, 725.0]]",unknown,unknown,0.0,visual,True,1.0,character_not_visible;wave_character_missing
39533,1494.208233,,,unknown,0.0,0,[],unknown,unknown,0.0,visual,True,1.0,character_not_visible;wave_character_missing
39585,1496.208567,,,left,0.55,1,"[[554.0, 191.0]]",unknown,unknown,0.0,visual,True,1.0,character_not_visible;wave_character_missing
39640,1498.229767,,,unknown,0.0,1,"[[1398.0, 763.0]]",unknown,unknown,0.0,visual,True,1.0,character_not_visible;wave_character_missing
39693,1500.2579,,,unknown,0.0,1,"[[1252.0, 761.0]]",unknown,unknown,0.0,visual,True,1.0,character_not_visible;wave_character_missing
39744,1502.2652,,,unknown,0.0,0,[],unknown,unknown,0.0,visual,True,1.0,character_not_visible;wave_character_missing
39797,1504.293333,,,unknown,0.0,1,"[[369.0, 395.0]]",unknown,unknown,0.0,visual,True,1.0,character_not_visible;wave_character_missing
39851,1506.307567,,,right,0.55,3,"[[1402.0, 779.0], [266.0, 779.0], [298.0, 427.0]]",unknown,unknown,0.0,visual,True,1.0,character_not_visible;wave_character_missing
39904,1508.3218,,,right,0.55,0,[],unknown,unknown,0.0,visual,True,1.0,character_not_visible;wave_character_missing
39957,1510.336033,,,left,0.55,0,[],unknown,unknown,0.0,visual,True,1.0,character_not_visible;wave_character_missing
40010,1512.343333,,,left,0.55,1,"[[126.0, 721.0]]",unknown,unknown,0.0,visual,True,1.0,character_not_visible;wave_character_missing
40063,1514.343667,,,left,0.55,0,[],unknown,unknown,0.0,visual,True,1.0,character_not_visible;wave_character_missing
40116,1516.3579,,,left,0.55,0,[],unknown,unknown,0.0,visual,True,1.0,character_not_visible;wave_character_missing
40171,1518.365167,,,unknown,0.0,4,"[[662.0, 773.0], [462.0, 773.0], [867.0, 767.0], [432.0, 227.0]]",unknown,unknown,0.0,visual,True,1.0,character_not_visible;wave_character_missing
40226,1520.386367,,,unknown,0.0,2,"[[1410.0, 773.0], [346.0, 421.0]]",unknown,unknown,0.0,visual,True,1.0,character_not_visible;wave_character_missing
40278,1522.4006,,,right,0.55,0,[],unknown,unknown,0.0,visual,True,1.0,character_not_visible;wave_character_missing
40331,1524.4426,,,right,0.55,1,"[[444.0, 213.0]]",unknown,unknown,0.0,visual,True,1.0,character_not_visible;wave_character_missing
40385,1526.442967,,,left,0.55,0,[],unknown,unknown,0.0,visual,True,1.0,character_not_visible;wave_character_missing
40440,1528.4572,,,left,0.55,1,"[[500.0, 741.0]]",unknown,unknown,0.0,visual,True,1.0,character_not_visible;wave_character_missing
40493,1530.4645,,,unknown,0.0,1,"[[646.0, 375.0]]",unknown,unknown,0.0,visual,True,1.0,character_not_visible;wave_character_missing
40547,1532.513433,,,left,0.55,1,"[[522.0, 173.0]]",unknown,unknown,0.0,visual,True,1.0,character_not_visible;wave_character_missing
40598,1534.534667,,,right,0.55,0,[],unknown,unknown,0.0,visual,True,1.0,character_not_visible;wave_character_missing
40649,1536.541933,,,left,0.55,0,[],unknown,unknown,0.0,visual,True,1.0,character_not_visible;wave_character_missing
40701,1538.542267,,,unknown,0.0,1,"[[532.0, 763.0]]",unknown,unknown,0.0,visual,True,1.0,character_not_visible;wave_character_missing
40756,1540.5426,,,right,0.55,1,"[[1206.0, 789.0]]",unknown,unknown,0.0,visual,True,1.0,character_not_visible;wave_character_missing
40809,1542.556833,,,right,0.55,0,[],unknown,unknown,0.0,visual,True,1.0,character_not_visible;wave_character_missing
40863,1544.5572,,,left,0.55,1,"[[1817.0, 723.0]]",unknown,unknown,0.0,visual,True,1.0,character_not_visible;wave_character_missing
40916,1546.5575,,,left,0.55,0,[],unknown,unknown,0.0,visual,True,1.0,character_not_visible;wave_character_missing
40969,1548.557833,,,left,0.55,1,"[[574.0, 213.0]]",unknown,unknown,0.0,visual,True,1.0,character_not_visible;wave_character_missing
41020,1550.579033,,,unknown,0.0,1,"[[1380.0, 767.0]]",unknown,unknown,0.0,visual,True,1.0,character_not_visible;wave_character_missing
41070,1552.5794,,,unknown,0.0,1,"[[1339.0, 763.0]]",unknown,unknown,0.0,visual,True,1.0,character_not_visible;wave_character_missing
41123,1554.579733,,,unknown,0.0,0,[],unknown,unknown,0.0,visual,True,1.0,character_not_visible;wave_character_missing
41174,1556.587033,,,right,0.55,0,[],unknown,unknown,0.0,visual,True,1.0,character_not_visible;wave_character_missing
41231,1558.615167,,,right,0.55,1,"[[376.0, 379.0]]",unknown,unknown,0.0,visual,True,1.0,character_not_visible;wave_character_missing
41278,1560.622433,,,unknown,0.0,0,[],unknown,unknown,0.0,visual,True,1.0,character_not_visible;wave_character_missing
41333,1562.629733,,,left,0.55,1,"[[1508.0, 751.0]]",unknown,unknown,0.0,visual,True,1.0,character_not_visible;wave_character_missing
41386,1564.657867,,,left,0.55,1,"[[814.0, 779.0]]",unknown,unknown,0.0,visual,True,1.0,character_not_visible;wave_character_missing
41437,1566.665167,,,unknown,0.0,2,"[[562.0, 225.0], [632.0, 433.0]]",unknown,unknown,0.0,visual,True,1.0,character_not_visible;wave_character_missing
41490,1568.6863,,,unknown,0.0,1,"[[1062.0, 777.0]]",unknown,unknown,0.0,visual,True,1.0,character_not_visible;wave_character_missing
41546,1570.7075,,,right,0.55,0,[],unknown,unknown,0.0,visual,True,1.0,character_not_visible;wave_character_missing
41598,1572.7148,,,right,0.55,2,"[[512.0, 207.0], [694.0, 433.0]]",unknown,unknown,0.0,visual,True,1.0,character_not_visible;wave_character_missing
41649,1574.715133,,,unknown,0.0,1,"[[570.0, 723.0]]",unknown,unknown,0.0,visual,True,1.0,character_not_visible;wave_character_missing
41703,1576.722433,,,left,0.55,0,[],unknown,unknown,0.0,visual,True,1.0,character_not_visible;wave_character_missing
41759,1578.729733,,,left,0.55,1,"[[488.0, 623.0]]",unknown,unknown,0.0,visual,True,1.0,character_not_visible;wave_character_missing
41812,1580.757867,,,left,0.55,1,"[[710.0, 405.0]]",unknown,unknown,0.0,visual,True,1.0,character_not_visible;wave_character_missing
41867,1582.779033,,,left,0.55,0,[],unknown,unknown,0.0,visual,True,1.0,character_not_visible;wave_character_missing
41920,1584.779367,,,unknown,0.0,0,[],unknown,unknown,0.0,visual,True,1.0,character_not_visible;wave_character_missing
41971,1586.821367,,,right,0.55,1,"[[1398.0, 773.0]]",unknown,unknown,0.0,visual,True,1.0,character_not_visible;wave_character_missing
42026,1588.842567,,,right,0.55,2,"[[559.0, 211.0], [1398.0, 791.0]]",unknown,unknown,0.0,visual,True,1.0,character_not_visible;wave_character_missing
42078,1590.849867,,,right,0.55,1,"[[90.0, 767.0]]",unknown,unknown,0.0,visual,True,1.0,character_not_visible;wave_character_missing
42130,1592.877967,,,left,0.55,0,[],unknown,unknown,0.0,visual,True,1.0,character_not_visible;wave_character_missing
42186,1594.892233,,,left,0.55,0,[],unknown,unknown,0.0,visual,True,1.0,character_not_visible;wave_character_missing
42241,1596.906467,,,left,0.55,1,"[[710.0, 397.0]]",unknown,unknown,0.0,visual,True,1.0,character_not_visible;wave_character_missing
42295,1598.9207,181.0,645.0,left,0.2339,4,"[[1408.0, 771.0], [892.0, 773.0], [266.0, 769.0], [1784.0, 769.0]]",active,left,0.98,visual,True,1.0,
42346,1600.921033,,,unknown,0.0,0,[],unknown,unknown,0.0,visual,True,1.0,character_not_visible;wave_character_missing
42400,1602.949167,,,left,0.55,0,[],unknown,unknown,0.0,visual,True,1.0,character_not_visible;wave_character_missing
42453,1604.9495,,,right,0.55,1,"[[560.0, 215.0]]",unknown,unknown,0.0,visual,True,1.0,character_not_visible;wave_character_missing
42508,1606.9846,,,right,0.55,0,[],unknown,unknown,0.0,visual,True,1.0,character_not_visible;wave_character_missing
42561,1608.984933,,,left,0.55,0,[],unknown,unknown,0.0,visual,True,1.0,character_not_visible;wave_character_missing
42615,1611.013067,,,left,0.55,0,[],unknown,unknown,0.0,visual,True,1.0,character_not_visible;wave_character_missing
42665,1613.041167,,,left,0.55,0,[],unknown,unknown,0.0,visual,True,1.0,character_not_visible;wave_character_missing
42717,1615.0971,272.0,639.0,right,0.1403,1,"[[1060.0, 763.0]]",active,left,0.98,visual,True,1.0,
42770,1617.097433,,,unknown,0.0,1,"[[584.0, 405.0]]",unknown,unknown,0.0,visual,True,1.0,character_not_visible;wave_character_missing
42821,1619.111633,,,unknown,0.0,1,"[[472.0, 209.0]]",unknown,unknown,0.0,visual,True,1.0,character_not_visible;wave_character_missing
42875,1621.139767,,,unknown,0.0,1,"[[882.0, 755.0]]",unknown,unknown,0.0,visual,True,1.0,character_not_visible;wave_character_missing
42927,1623.140133,,,unknown,0.0,0,[],unknown,unknown,0.0,visual,True,1.0,character_not_visible;wave_character_missing
42979,1625.147433,,,unknown,0.0,0,[],unknown,unknown,0.0,visual,True,1.0,character_not_visible;wave_character_missing
43034,1627.168633,,,right,0.55,2,"[[266.0, 781.0], [568.0, 213.0]]",unknown,unknown,0.0,visual,True,1.0,character_not_visible;wave_character_missing
43089,1629.168933,,,right,0.55,0,[],unknown,unknown,0.0,visual,True,1.0,character_not_visible;wave_character_missing
43142,1631.176233,,,left,0.55,0,[],unknown,unknown,0.0,visual,True,1.0,character_not_visible;wave_character_missing
43193,1633.190467,,,left,0.55,1,"[[603.0, 723.0]]",unknown,unknown,0.0,visual,True,1.0,character_not_visible;wave_character_missing
43249,1635.204667,,,left,0.55,1,"[[454.0, 735.0]]",unknown,unknown,0.0,visual,True,1.0,character_not_visible;wave_character_missing
43302,1637.218933,,,left,0.55,0,[],unknown,unknown,0.0,visual,True,1.0,character_not_visible;wave_character_missing
43355,1639.233167,,,unknown,0.0,0,[],unknown,unknown,0.0,visual,True,1.0,character_not_visible;wave_character_missing
43407,1641.240467,,,unknown,0.0,0,[],unknown,unknown,0.0,visual,True,1.0,character_not_visible;wave_character_missing
43460,1643.247767,,,unknown,0.0,0,[],unknown,unknown,0.0,visual,True,1.0,character_not_visible;wave_character_missing
43510,1645.261967,,,unknown,0.0,2,"[[766.0, 765.0], [334.0, 409.0]]",unknown,unknown,0.0,visual,True,1.0,character_not_visible;wave_character_missing
43565,1647.290133,,,unknown,0.0,1,"[[1412.0, 761.0]]",unknown,unknown,0.0,visual,True,1.0,character_not_visible;wave_character_missing
43617,1649.304333,,,unknown,0.0,2,"[[474.0, 401.0], [1178.0, 653.0]]",unknown,unknown,0.0,visual,True,1.0,character_not_visible;wave_character_missing
43669,1651.332467,,,right,0.55,1,"[[678.0, 409.0]]",unknown,unknown,0.0,visual,True,1.0,character_not_visible;wave_character_missing
43721,1653.3467,,,right,0.55,1,"[[1585.0, 723.0]]",unknown,unknown,0.0,visual,True,1.0,character_not_visible;wave_character_missing
43776,1655.360967,,,left,0.55,1,"[[620.0, 611.0]]",unknown,unknown,0.0,visual,True,1.0,character_not_visible;wave_character_missing
43828,1657.3682,,,left,0.55,2,"[[468.0, 717.0], [854.0, 603.0]]",unknown,unknown,0.0,visual,True,1.0,character_not_visible;wave_character_missing
43881,1659.3894,,,left,0.55,2,"[[1640.0, 741.0], [706.0, 381.0]]",unknown,unknown,0.0,visual,True,1.0,character_not_visible;wave_character_missing
43936,1661.403667,,,left,0.55,2,"[[636.0, 411.0], [548.0, 413.0]]",unknown,unknown,0.0,visual,True,1.0,character_not_visible;wave_character_missing
43990,1663.4318,,,unknown,0.0,1,"[[1393.0, 757.0]]",unknown,unknown,0.0,visual,True,1.0,character_not_visible;wave_character_missing
44045,1665.439067,,,unknown,0.0,2,"[[443.0, 191.0], [985.0, 783.0]]",unknown,unknown,0.0,visual,True,1.0,character_not_visible;wave_character_missing
44096,1667.4533,,,unknown,0.0,1,"[[394.0, 411.0]]",unknown,unknown,0.0,visual,True,1.0,character_not_visible;wave_character_missing
44151,1669.4745,,,right,0.55,1,"[[1298.0, 639.0]]",unknown,unknown,0.0,visual,True,1.0,character_not_visible;wave_character_missing
44206,1671.474867,,,right,0.55,0,[],unknown,unknown,0.0,visual,True,1.0,character_not_visible;wave_character_missing
44262,1673.482133,,,left,0.55,0,[],unknown,unknown,0.0,visual,True,1.0,character_not_visible;wave_character_missing
44315,1675.510267,,,left,0.55,0,[],unknown,unknown,0.0,visual,True,1.0,character_not_visible;wave_character_missing
44370,1677.5175,,,left,0.55,0,[],unknown,unknown,0.0,visual,True,1.0,character_not_visible;wave_character_missing
44420,1679.5179,,,left,0.55,1,"[[530.0, 179.0]]",unknown,unknown,0.0,visual,True,1.0,character_not_visible;wave_character_missing
44472,1681.532133,,,right,0.55,1,"[[575.0, 197.0]]",unknown,unknown,0.0,visual,True,1.0,character_not_visible;wave_character_missing
44523,1683.5394,,,unknown,0.0,1,"[[1134.0, 771.0]]",unknown,unknown,0.0,visual,True,1.0,character_not_visible;wave_character_missing
44577,1685.553633,,,unknown,0.0,0,[],unknown,unknown,0.0,visual,True,1.0,character_not_visible;wave_character_missing
44629,1687.560933,,,right,0.55,0,[],unknown,unknown,0.0,visual,True,1.0,character_not_visible;wave_character_missing
44680,1689.575167,,,unknown,0.0,1,"[[1092.0, 805.0]]",unknown,unknown,0.0,visual,True,1.0,character_not_visible;wave_character_missing
44734,1691.582467,,,right,0.55,1,"[[1518.0, 807.0]]",unknown,unknown,0.0,visual,True,1.0,character_not_visible;wave_character_missing
44787,1693.610567,,,right,0.55,0,[],unknown,unknown,0.0,visual,True,1.0,character_not_visible;wave_character_missing
44842,1695.617867,,,left,0.55,0,[],unknown,unknown,0.0,visual,True,1.0,character_not_visible;wave_character_missing
44896,1697.6321,,,left,0.55,1,"[[318.0, 717.0]]",unknown,unknown,0.0,visual,True,1.0,character_not_visible;wave_character_missing
44947,1699.6533,,,left,0.55,1,"[[220.0, 723.0]]",unknown,unknown,0.0,visual,True,1.0,character_not_visible;wave_character_missing
45001,1701.674467,,,right,0.55,1,"[[1376.0, 717.0]]",unknown,unknown,0.0,visual,True,1.0,character_not_visible;wave_character_missing
45054,1703.6748,,,right,0.55,3,"[[437.0, 193.0], [1398.0, 763.0], [496.0, 405.0]]",unknown,unknown,0.0,visual,True,1.0,character_not_visible;wave_character_missing
45109,1705.689033,,,unknown,0.0,4,"[[1548.0, 761.0], [920.0, 759.0], [496.0, 399.0], [490.0, 209.0]]",unknown,unknown,0.0,visual,True,1.0,character_not_visible;wave_character_missing
45159,1707.717167,,,unknown,0.0,0,[],unknown,unknown,0.0,visual,True,1.0,character_not_visible;wave_character_missing
45214,1709.7453,,,right,0.55,3,"[[550.0, 215.0], [762.0, 775.0], [1232.0, 781.0]]",unknown,unknown,0.0,visual,True,1.0,character_not_visible;wave_character_missing
45267,1711.745633,,,right,0.55,2,"[[456.0, 231.0], [590.0, 795.0]]",unknown,unknown,0.0,visual,True,1.0,character_not_visible;wave_character_missing
45322,1713.766833,,,right,0.55,1,"[[1042.0, 751.0]]",unknown,unknown,0.0,visual,True,1.0,character_not_visible;wave_character_missing
45374,1715.794967,,,left,0.55,0,[],unknown,unknown,0.0,visual,True,1.0,character_not_visible;wave_character_missing
45426,1717.809167,,,left,0.55,3,"[[534.0, 379.0], [402.0, 603.0], [124.0, 725.0]]",unknown,unknown,0.0,visual,True,1.0,character_not_visible;wave_character_missing
45481,1719.837333,,,left,0.55,1,"[[488.0, 159.0]]",unknown,unknown,0.0,visual,True,1.0,character_not_visible;wave_character_missing
45533,1721.8446,,,left,0.55,2,"[[494.0, 197.0], [962.0, 755.0]]",unknown,unknown,0.0,visual,True,1.0,character_not_visible;wave_character_missing
45586,1723.8519,,,unknown,0.0,0,[],unknown,unknown,0.0,visual,True,1.0,character_not_visible;wave_character_missing
45637,1725.859167,,,unknown,0.0,4,"[[548.0, 195.0], [663.0, 635.0], [172.0, 417.0], [757.0, 749.0]]",unknown,unknown,0.0,visual,True,1.0,character_not_visible;wave_character_missing
45689,1727.859533,,,right,0.55,3,"[[742.0, 759.0], [1158.0, 649.0], [1002.0, 761.0]]",unknown,unknown,0.0,visual,True,1.0,character_not_visible;wave_character_missing
45742,1729.887633,,,right,0.55,0,[],unknown,unknown,0.0,visual,True,1.0,character_not_visible;wave_character_missing
45797,1731.908833,,,right,0.55,1,"[[538.0, 723.0]]",unknown,unknown,0.0,visual,True,1.0,character_not_visible;wave_character_missing
45849,1733.909167,,,left,0.55,0,[],unknown,unknown,0.0,visual,True,1.0,character_not_visible;wave_character_missing
45903,1735.9512,,,left,0.55,0,[],unknown,unknown,0.0,visual,True,1.0,character_not_visible;wave_character_missing
45957,1737.965433,,,left,0.55,0,[],unknown,unknown,0.0,visual,True,1.0,character_not_visible;wave_character_missing
46010,1739.986633,,,left,0.55,2,"[[435.0, 395.0], [620.0, 401.0]]",unknown,unknown,0.0,visual,True,1.0,character_not_visible;wave_character_missing
46065,1742.0356,,,unknown,0.0,1,"[[594.0, 199.0]]",unknown,unknown,0.0,visual,True,1.0,character_not_visible;wave_character_missing
46117,1744.049833,,,unknown,0.0,0,[],unknown,unknown,0.0,visual,True,1.0,character_not_visible;wave_character_missing
46170,1746.050133,,,unknown,0.0,1,"[[364.0, 401.0]]",unknown,unknown,0.0,visual,True,1.0,character_not_visible;wave_character_missing
46223,1748.0644,,,unknown,0.0,2,"[[588.0, 403.0], [520.0, 199.0]]",unknown,unknown,0.0,visual,True,1.0,character_not_visible;wave_character_missing
46278,1750.071667,,,unknown,0.0,1,"[[588.0, 409.0]]",unknown,unknown,0.0,visual,True,1.0,character_not_visible;wave_character_missing
46332,1752.0998,,,right,0.55,1,"[[1470.0, 787.0]]",unknown,unknown,0.0,visual,True,1.0,character_not_visible;wave_character_missing
46388,1754.127933,,,right,0.55,0,[],unknown,unknown,0.0,visual,True,1.0,character_not_visible;wave_character_missing
46441,1756.142133,,,left,0.55,1,"[[158.0, 609.0]]",unknown,unknown,0.0,visual,True,1.0,character_not_visible;wave_character_missing
46490,1758.149467,,,left,0.55,0,[],unknown,unknown,0.0,visual,True,1.0,character_not_visible;wave_character_missing
46541,1760.156733,,,right,0.55,2,"[[614.0, 375.0], [266.0, 739.0]]",unknown,unknown,0.0,visual,True,1.0,character_not_visible;wave_character_missing
46590,1762.170967,,,left,0.55,0,[],unknown,unknown,0.0,visual,True,1.0,character_not_visible;wave_character_missing
46643,1764.178233,,,unknown,0.0,1,"[[514.0, 211.0]]",unknown,unknown,0.0,visual,True,1.0,character_not_visible;wave_character_missing
46697,1766.213333,,,unknown,0.0,1,"[[581.0, 771.0]]",unknown,unknown,0.0,visual,True,1.0,character_not_visible;wave_character_missing
46751,1768.241467,,,unknown,0.0,1,"[[1092.0, 783.0]]",unknown,unknown,0.0,visual,True,1.0,character_not_visible;wave_character_missing
46803,1770.262633,,,right,0.55,0,[],unknown,unknown,0.0,visual,True,1.0,character_not_visible;wave_character_missing
46855,1772.283833,,,right,0.55,0,[],unknown,unknown,0.0,visual,True,1.0,character_not_visible;wave_character_missing
46907,1774.284167,,,left,0.55,0,[],unknown,unknown,0.0,visual,True,1.0,character_not_visible;wave_character_missing
46961,1776.291467,,,left,0.55,0,[],unknown,unknown,0.0,visual,True,1.0,character_not_visible;wave_character_missing
47014,1778.291767,,,left,0.55,1,"[[78.0, 717.0]]",unknown,unknown,0.0,visual,True,1.0,character_not_visible;wave_character_missing
47068,1780.319933,,,unknown,0.0,4,"[[1232.0, 757.0], [173.0, 755.0], [1372.0, 749.0], [448.0, 189.0]]",unknown,unknown,0.0,visual,True,1.0,character_not_visible;wave_character_missing
47122,1782.320267,,,unknown,0.0,2,"[[1654.0, 781.0], [301.0, 791.0]]",unknown,unknown,0.0,visual,True,1.0,character_not_visible;wave_character_missing
47177,1784.348367,,,left,0.55,2,"[[1500.0, 779.0], [1280.0, 779.0]]",unknown,unknown,0.0,visual,True,1.0,character_not_visible;wave_character_missing
47231,1786.369567,,,unknown,0.0,0,[],unknown,unknown,0.0,visual,True,1.0,character_not_visible;wave_character_missing
47285,1788.376833,,,unknown,0.0,1,"[[459.0, 423.0]]",unknown,unknown,0.0,visual,True,1.0,character_not_visible;wave_character_missing
47337,1790.391067,,,right,0.55,2,"[[304.0, 437.0], [1384.0, 795.0]]",unknown,unknown,0.0,visual,True,1.0,character_not_visible;wave_character_missing
47391,1792.440067,,,left,0.55,1,"[[1268.0, 711.0]]",unknown,unknown,0.0,visual,True,1.0,character_not_visible;wave_character_missing
47444,1794.4543,,,right,0.55,2,"[[1255.0, 877.0], [230.0, 425.0]]",unknown,unknown,0.0,visual,True,1.0,character_not_visible;wave_character_missing
47497,1796.468533,,,right,0.55,1,"[[1261.0, 905.0]]",unknown,unknown,0.0,visual,True,1.0,character_not_visible;wave_character_missing
47549,1798.468867,,,left,0.55,0,[],unknown,unknown,0.0,visual,True,1.0,character_not_visible;wave_character_missing
47603,1800.4831,,,left,0.55,0,[],unknown,unknown,0.0,visual,True,1.0,character_not_visible;wave_character_missing
47656,1802.511233,,,left,0.55,1,"[[260.0, 477.0]]",unknown,unknown,0.0,visual,True,1.0,character_not_visible;wave_character_missing
47708,1804.553267,,,right,0.55,0,[],unknown,unknown,0.0,visual,True,1.0,character_not_visible;wave_character_missing
47764,1806.581367,,,right,0.55,0,[],unknown,unknown,0.0,visual,True,1.0,character_not_visible;wave_character_missing
47820,1808.595633,,,left,0.55,0,[],unknown,unknown,0.0,visual,True,1.0,character_not_visible;wave_character_missing
47875,1810.623767,,,right,0.55,0,[],unknown,unknown,0.0,visual,True,1.0,character_not_visible;wave_character_missing
47930,1812.644933,,,right,0.55,0,[],unknown,unknown,0.0,visual,True,1.0,character_not_visible;wave_character_missing
47982,1814.659167,,,left,0.55,0,[],unknown,unknown,0.0,visual,True,1.0,character_not_visible;wave_character_missing
48035,1816.680333,,,left,0.55,0,[],unknown,unknown,0.0,visual,True,1.0,character_not_visible;wave_character_missing
48088,1818.701533,,,left,0.55,0,[],unknown,unknown,0.0,visual,True,1.0,character_not_visible;wave_character_missing
48143,1820.722667,,,left,0.55,2,"[[79.0, 735.0], [581.0, 155.0]]",unknown,unknown,0.0,visual,True,1.0,character_not_visible;wave_character_missing
48194,1822.73,,,unknown,0.0,2,"[[892.0, 603.0], [1054.0, 725.0]]",unknown,unknown,0.0,visual,True,1.0,character_not_visible;wave_character_missing
48248,1824.7512,,,unknown,0.0,3,"[[581.0, 153.0], [212.0, 717.0], [380.0, 609.0]]",unknown,unknown,0.0,visual,True,1.0,character_not_visible;wave_character_missing
48301,1826.7515,,,unknown,0.0,2,"[[1130.0, 725.0], [581.0, 155.0]]",unknown,unknown,0.0,visual,True,1.0,character_not_visible;wave_character_missing
48353,1828.7727,,,unknown,0.0,0,[],unknown,unknown,0.0,visual,True,1.0,character_not_visible;wave_character_missing
48406,1830.786933,,,left,0.55,2,"[[501.0, 149.0], [440.0, 365.0]]",unknown,unknown,0.0,visual,True,1.0,character_not_visible;wave_character_missing
48462,1832.815067,,,unknown,0.0,2,"[[584.0, 731.0], [1138.0, 731.0]]",unknown,unknown,0.0,visual,True,1.0,character_not_visible;wave_character_missing
48512,1834.822367,,,unknown,0.0,0,[],unknown,unknown,0.0,visual,True,1.0,character_not_visible;wave_character_missing
48563,1836.8713,,,unknown,0.0,1,"[[642.0, 617.0]]",unknown,unknown,0.0,visual,True,1.0,character_not_visible;wave_character_missing
48613,1838.871633,,,unknown,0.0,1,"[[1688.0, 729.0]]",unknown,unknown,0.0,visual,True,1.0,character_not_visible;wave_character_missing
48666,1840.872,,,right,0.55,2,"[[1359.0, 763.0], [1138.0, 765.0]]",unknown,unknown,0.0,visual,True,1.0,character_not_visible;wave_character_missing
48720,1842.8932,,,right,0.55,0,[],unknown,unknown,0.0,visual,True,1.0,character_not_visible;wave_character_missing
48774,1844.900467,,,right,0.55,0,[],unknown,unknown,0.0,visual,True,1.0,character_not_visible;wave_character_missing
48825,1846.907767,,,left,0.55,1,"[[882.0, 723.0]]",unknown,unknown,0.0,visual,True,1.0,character_not_visible;wave_character_missing
48880,1848.935867,,,left,0.55,1,"[[1594.0, 725.0]]",unknown,unknown,0.0,visual,True,1.0,character_not_visible;wave_character_missing
48934,1850.991767,,,left,0.55,0,[],unknown,unknown,0.0,visual,True,1.0,character_not_visible;wave_character_missing
48987,1852.992133,,,left,0.55,0,[],unknown,unknown,0.0,visual,True,1.0,character_not_visible;wave_character_missing
49040,1854.992467,,,unknown,0.0,0,[],unknown,unknown,0.0,visual,True,1.0,character_not_visible;wave_character_missing
49094,1857.0067,,,unknown,0.0,0,[],unknown,unknown,0.0,visual,True,1.0,character_not_visible;wave_character_missing
49144,1859.034867,,,unknown,0.0,1,"[[356.0, 415.0]]",unknown,unknown,0.0,visual,True,1.0,character_not_visible;wave_character_missing
49196,1861.042133,,,right,0.55,0,[],unknown,unknown,0.0,visual,True,1.0,character_not_visible;wave_character_missing
49247,1863.070267,,,right,0.55,0,[],unknown,unknown,0.0,visual,True,1.0,character_not_visible;wave_character_missing
49301,1865.0706,,,left,0.55,0,[],unknown,unknown,0.0,visual,True,1.0,character_not_visible;wave_character_missing
49356,1867.091767,,,left,0.55,0,[],unknown,unknown,0.0,visual,True,1.0,character_not_visible;wave_character_missing
49409,1869.147667,,,unknown,0.0,0,[],unknown,unknown,0.0,visual,True,1.0,character_not_visible;wave_character_missing
49462,1871.155,,,left,0.55,1,"[[1264.0, 725.0]]",unknown,unknown,0.0,visual,True,1.0,character_not_visible;wave_character_missing
49516,1873.1831,,,unknown,0.0,0,[],unknown,unknown,0.0,visual,True,1.0,character_not_visible;wave_character_missing
49572,1875.211233,,,unknown,0.0,1,"[[1148.0, 759.0]]",unknown,unknown,0.0,visual,True,1.0,character_not_visible;wave_character_missing
49626,1877.225467,,,unknown,0.0,0,[],unknown,unknown,0.0,visual,True,1.0,character_not_visible;wave_character_missing
49679,1879.2258,,,unknown,0.0,0,[],unknown,unknown,0.0,visual,True,1.0,character_not_visible;wave_character_missing
49735,1881.253933,,,right,0.55,2,"[[1541.0, 767.0], [1150.0, 781.0]]",unknown,unknown,0.0,visual,True,1.0,character_not_visible;wave_character_missing
49789,1883.254267,,,right,0.55,0,[],unknown,unknown,0.0,visual,True,1.0,character_not_visible;wave_character_missing
49844,1885.254633,,,left,0.55,0,[],unknown,unknown,0.0,visual,True,1.0,character_not_visible;wave_character_missing
49897,1887.261933,,,left,0.55,1,"[[694.0, 411.0]]",unknown,unknown,0.0,visual,True,1.0,character_not_visible;wave_character_missing
49949,1889.2831,,,unknown,0.0,3,"[[976.0, 749.0], [1106.0, 757.0], [1346.0, 755.0]]",unknown,unknown,0.0,visual,True,1.0,character_not_visible;wave_character_missing
50003,1891.304267,,,unknown,0.0,2,"[[596.0, 191.0], [1346.0, 751.0]]",unknown,unknown,0.0,visual,True,1.0,character_not_visible;wave_character_missing
50056,1893.318533,,,unknown,0.0,1,"[[568.0, 189.0]]",unknown,unknown,0.0,visual,True,1.0,character_not_visible;wave_character_missing
50109,1895.353567,,,right,0.55,1,"[[1092.0, 757.0]]",unknown,unknown,0.0,visual,True,1.0,character_not_visible;wave_character_missing
50161,1897.374767,,,right,0.55,0,[],unknown,unknown,0.0,visual,True,1.0,character_not_visible;wave_character_missing
50216,1899.3751,,,left,0.55,0,[],unknown,unknown,0.0,visual,True,1.0,character_not_visible;wave_character_missing
50267,1901.382367,,,left,0.55,1,"[[352.0, 721.0]]",unknown,unknown,0.0,visual,True,1.0,character_not_visible;wave_character_missing
50321,1903.410533,,,left,0.55,1,"[[84.0, 733.0]]",unknown,unknown,0.0,visual,True,1.0,character_not_visible;wave_character_missing
50376,1905.417833,,,unknown,0.0,0,[],unknown,unknown,0.0,visual,True,1.0,character_not_visible;wave_character_missing
50431,1907.432033,478.0,665.0,right,0.3145,0,[],inactive,inactive,0.75,visual,True,1.0,
50486,1909.4324,,,unknown,0.0,1,"[[1054.0, 667.0]]",unknown,unknown,0.0,visual,True,1.0,character_not_visible;wave_character_missing
50536,1911.4466,,,right,0.55,0,[],unknown,unknown,0.0,visual,True,1.0,character_not_visible;wave_character_missing
50589,1913.4539,,,right,0.55,0,[],unknown,unknown,0.0,visual,True,1.0,character_not_visible;wave_character_missing
50640,1915.454267,,,left,0.55,0,[],unknown,unknown,0.0,visual,True,1.0,character_not_visible;wave_character_missing
50693,1917.4824,,,left,0.55,0,[],unknown,unknown,0.0,visual,True,1.0,character_not_visible;wave_character_missing
50745,1919.489667,,,left,0.55,2,"[[106.0, 727.0], [1410.0, 727.0]]",unknown,unknown,0.0,visual,True,1.0,character_not_visible;wave_character_missing
50798,1921.496967,,,left,0.55,1,"[[857.0, 767.0]]",unknown,unknown,0.0,visual,True,1.0,character_not_visible;wave_character_missing
50851,1923.525067,,,unknown,0.0,1,"[[678.0, 401.0]]",unknown,unknown,0.0,visual,True,1.0,character_not_visible;wave_character_missing
50905,1925.553233,,,unknown,0.0,1,"[[588.0, 199.0]]",unknown,unknown,0.0,visual,True,1.0,character_not_visible;wave_character_missing
50956,1927.553533,,,unknown,0.0,1,"[[462.0, 409.0]]",unknown,unknown,0.0,visual,True,1.0,character_not_visible;wave_character_missing
51009,1929.574767,,,right,0.55,4,"[[554.0, 197.0], [618.0, 401.0], [738.0, 761.0], [450.0, 409.0]]",unknown,unknown,0.0,visual,True,1.0,character_not_visible;wave_character_missing
51063,1931.616767,,,right,0.55,1,"[[391.0, 197.0]]",unknown,unknown,0.0,visual,True,1.0,character_not_visible;wave_character_missing
51117,1933.637933,,,right,0.55,0,[],unknown,unknown,0.0,visual,True,1.0,character_not_visible;wave_character_missing
51172,1935.638267,,,left,0.55,1,"[[582.0, 723.0]]",unknown,unknown,0.0,visual,True,1.0,character_not_visible;wave_character_missing
51226,1937.673333,,,left,0.55,0,[],unknown,unknown,0.0,visual,True,1.0,character_not_visible;wave_character_missing
51278,1939.7015,,,left,0.55,0,[],unknown,unknown,0.0,visual,True,1.0,character_not_visible;wave_character_missing
51332,1941.7296,,,left,0.55,1,"[[1384.0, 759.0]]",unknown,unknown,0.0,visual,True,1.0,character_not_visible;wave_character_missing
51385,1943.729967,,,unknown,0.0,2,"[[738.0, 781.0], [1388.0, 781.0]]",unknown,unknown,0.0,visual,True,1.0,character_not_visible;wave_character_missing
51437,1945.765033,,,unknown,0.0,0,[],unknown,unknown,0.0,visual,True,1.0,character_not_visible;wave_character_missing
51490,1947.7862,248.0,657.0,right,0.4135,1,"[[342.0, 423.0]]",inactive,inactive,0.75,visual,True,1.0,
51543,1949.7935,,,right,0.55,0,[],unknown,unknown,0.0,visual,True,1.0,character_not_visible;wave_character_missing
51594,1951.807733,,,right,0.55,0,[],unknown,unknown,0.0,visual,True,1.0,character_not_visible;wave_character_missing
51648,1953.835867,,,left,0.55,0,[],unknown,unknown,0.0,visual,True,1.0,character_not_visible;wave_character_missing
51702,1955.857033,,,left,0.55,0,[],unknown,unknown,0.0,visual,True,1.0,character_not_visible;wave_character_missing
51754,1957.8643,,,left,0.55,0,[],unknown,unknown,0.0,visual,True,1.0,character_not_visible;wave_character_missing
51809,1959.8716,,,left,0.55,2,"[[632.0, 371.0], [500.0, 171.0]]",unknown,unknown,0.0,visual,True,1.0,character_not_visible;wave_character_missing
51861,1961.913633,,,unknown,0.0,1,"[[1070.0, 761.0]]",unknown,unknown,0.0,visual,True,1.0,character_not_visible;wave_character_missing
51914,1963.934833,,,unknown,0.0,1,"[[704.0, 761.0]]",unknown,unknown,0.0,visual,True,1.0,character_not_visible;wave_character_missing
51967,1965.962933,,,unknown,0.0,3,"[[854.0, 759.0], [496.0, 407.0], [1300.0, 633.0]]",unknown,unknown,0.0,visual,True,1.0,character_not_visible;wave_character_missing
52020,1967.977167,,,unknown,0.0,1,"[[1054.0, 651.0]]",unknown,unknown,0.0,visual,True,1.0,character_not_visible;wave_character_missing
52074,1969.977533,,,unknown,0.0,0,[],unknown,unknown,0.0,visual,True,1.0,character_not_visible;wave_character_missing
52129,1971.977867,,,right,0.55,1,"[[550.0, 193.0]]",unknown,unknown,0.0,visual,True,1.0,character_not_visible;wave_character_missing
52183,1974.012933,,,right,0.55,3,"[[496.0, 405.0], [944.0, 647.0], [1604.0, 759.0]]",unknown,unknown,0.0,visual,True,1.0,character_not_visible;wave_character_missing
52239,1976.027167,,,right,0.55,0,[],unknown,unknown,0.0,visual,True,1.0,character_not_visible;wave_character_missing
52293,1978.0414,,,right,0.55,1,"[[86.0, 721.0]]",unknown,unknown,0.0,visual,True,1.0,character_not_visible;wave_character_missing
52346,1980.0626,,,left,0.55,0,[],unknown,unknown,0.0,visual,True,1.0,character_not_visible;wave_character_missing
52400,1982.069867,,,left,0.55,0,[],unknown,unknown,0.0,visual,True,1.0,character_not_visible;wave_character_missing
52452,1984.091033,,,left,0.55,0,[],unknown,unknown,0.0,visual,True,1.0,character_not_visible;wave_character_missing
52506,1986.112233,,,left,0.55,3,"[[1230.0, 663.0], [1064.0, 777.0], [940.0, 777.0]]",unknown,unknown,0.0,visual,True,1.0,character_not_visible;wave_character_missing
52559,1988.140367,,,unknown,0.0,0,[],unknown,unknown,0.0,visual,True,1.0,character_not_visible;wave_character_missing
52611,1990.1546,,,unknown,0.0,2,"[[572.0, 203.0], [554.0, 777.0]]",unknown,unknown,0.0,visual,True,1.0,character_not_visible;wave_character_missing
52665,1992.168867,,,unknown,0.0,1,"[[587.0, 203.0]]",unknown,unknown,0.0,visual,True,1.0,character_not_visible;wave_character_missing
52718,1994.183067,,,right,0.55,1,"[[1348.0, 789.0]]",unknown,unknown,0.0,visual,True,1.0,character_not_visible;wave_character_missing
52770,1996.183433,,,right,0.55,0,[],unknown,unknown,0.0,visual,True,1.0,character_not_visible;wave_character_missing
52823,1998.211567,,,left,0.55,1,"[[734.0, 581.0]]",unknown,unknown,0.0,visual,True,1.0,character_not_visible;wave_character_missing
52879,2000.218833,,,left,0.55,1,"[[1186.0, 717.0]]",unknown,unknown,0.0,visual,True,1.0,character_not_visible;wave_character_missing
52932,2002.246967,,,left,0.55,0,[],unknown,unknown,0.0,visual,True,1.0,character_not_visible;wave_character_missing
52981,2004.275067,,,unknown,0.0,0,[],unknown,unknown,0.0,visual,True,1.0,character_not_visible;wave_character_missing
53032,2006.275433,,,unknown,0.0,1,"[[518.0, 189.0]]",unknown,unknown,0.0,visual,True,1.0,character_not_visible;wave_character_missing
53085,2008.282733,,,right,0.55,2,"[[396.0, 391.0], [662.0, 393.0]]",unknown,unknown,0.0,visual,True,1.0,character_not_visible;wave_character_missing
53139,2010.3039,,,right,0.55,0,[],unknown,unknown,0.0,visual,True,1.0,character_not_visible;wave_character_missing
53193,2012.311167,,,right,0.55,1,"[[380.0, 723.0]]",unknown,unknown,0.0,visual,True,1.0,character_not_visible;wave_character_missing
53250,2014.3393,,,left,0.55,0,[],unknown,unknown,0.0,visual,True,1.0,character_not_visible;wave_character_missing
53304,2016.367433,,,left,0.55,0,[],unknown,unknown,0.0,visual,True,1.0,character_not_visible;wave_character_missing
53357,2018.3678,,,left,0.55,0,[],unknown,unknown,0.0,visual,True,1.0,character_not_visible;wave_character_missing
53410,2020.382,,,unknown,0.0,1,"[[1076.0, 771.0]]",unknown,unknown,0.0,visual,True,1.0,character_not_visible;wave_character_missing
53464,2022.396233,,,unknown,0.0,3,"[[552.0, 215.0], [698.0, 409.0], [402.0, 409.0]]",unknown,unknown,0.0,visual,True,1.0,character_not_visible;wave_character_missing
53519,2024.424367,,,unknown,0.0,2,"[[498.0, 403.0], [616.0, 199.0]]",unknown,unknown,0.0,visual,True,1.0,character_not_visible;wave_character_missing
53573,2026.4525,,,right,0.55,2,"[[368.0, 421.0], [566.0, 217.0]]",unknown,unknown,0.0,visual,True,1.0,character_not_visible;wave_character_missing
53623,2028.466733,,,right,0.55,1,"[[512.0, 215.0]]",unknown,unknown,0.0,visual,True,1.0,character_not_visible;wave_character_missing
53677,2030.4879,,,right,0.55,0,[],unknown,unknown,0.0,visual,True,1.0,character_not_visible;wave_character_missing
53729,2032.495233,,,left,0.55,0,[],unknown,unknown,0.0,visual,True,1.0,character_not_visible;wave_character_missing
53782,2034.5233,,,left,0.55,1,"[[436.0, 375.0]]",unknown,unknown,0.0,visual,True,1.0,character_not_visible;wave_character_missing
53837,2036.5237,,,left,0.55,2,"[[422.0, 375.0], [670.0, 377.0]]",unknown,unknown,0.0,visual,True,1.0,character_not_visible;wave_character_missing
53894,2038.579567,,,right,0.55,2,"[[950.0, 737.0], [420.0, 379.0]]",unknown,unknown,0.0,visual,True,1.0,character_not_visible;wave_character_missing
53948,2040.5938,,,right,0.55,0,[],unknown,unknown,0.0,visual,True,1.0,character_not_visible;wave_character_missing
54001,2042.615,,,unknown,0.0,1,"[[650.0, 407.0]]",unknown,unknown,0.0,visual,True,1.0,character_not_visible;wave_character_missing
54055,2044.629233,,,left,0.55,3,"[[1401.0, 755.0], [1092.0, 767.0], [1546.0, 767.0]]",unknown,unknown,0.0,visual,True,1.0,character_not_visible;wave_character_missing
54107,2046.643467,,,right,0.55,0,[],unknown,unknown,0.0,visual,True,1.0,character_not_visible;wave_character_missing
54161,2048.678533,,,right,0.55,1,"[[370.0, 441.0]]",unknown,unknown,0.0,visual,True,1.0,character_not_visible;wave_character_missing
54215,2050.706667,,,right,0.55,0,[],unknown,unknown,0.0,visual,True,1.0,character_not_visible;wave_character_missing
54269,2052.727867,,,left,0.55,1,"[[124.0, 605.0]]",unknown,unknown,0.0,visual,True,1.0,character_not_visible;wave_character_missing
54320,2054.7629,,,left,0.55,1,"[[448.0, 609.0]]",unknown,unknown,0.0,visual,True,1.0,character_not_visible;wave_character_missing
54374,2056.763233,,,left,0.55,2,"[[1398.0, 725.0], [254.0, 717.0]]",unknown,unknown,0.0,visual,True,1.0,character_not_visible;wave_character_missing
54426,2058.777467,208.0,637.0,right,0.24080000000000001,3,"[[684.0, 761.0], [1488.0, 757.0], [464.0, 187.0]]",unknown,unknown,0.3,keys,True,1.0,a_key_without_visual_wave
54481,2060.784767,,,unknown,0.0,1,"[[1444.0, 761.0]]",unknown,unknown,0.0,visual,True,1.0,character_not_visible;wave_character_missing
54532,2062.8129,,,unknown,0.0,0,[],unknown,unknown,0.0,visual,True,1.0,character_not_visible;wave_character_missing
54586,2064.813233,,,right,0.55,1,"[[577.0, 191.0]]",unknown,unknown,0.0,visual,True,1.0,character_not_visible;wave_character_missing
54641,2066.834433,,,right,0.55,0,[],unknown,unknown,0.0,visual,True,1.0,character_not_visible;wave_character_missing
54694,2068.862567,,,left,0.55,0,[],unknown,unknown,0.0,visual,True,1.0,character_not_visible;wave_character_missing
54748,2070.883767,,,left,0.55,2,"[[642.0, 609.0], [1774.0, 725.0]]",unknown,unknown,0.0,visual,True,1.0,character_not_visible;wave_character_missing
54802,2072.898,,,left,0.55,2,"[[586.0, 169.0], [617.0, 387.0]]",unknown,unknown,0.0,visual,True,1.0,character_not_visible;wave_character_missing
54856,2074.912233,,,unknown,0.0,1,"[[520.0, 197.0]]",unknown,unknown,0.0,visual,True,1.0,character_not_visible;wave_character_missing
54909,2076.912567,,,unknown,0.0,1,"[[316.0, 409.0]]",unknown,unknown,0.0,visual,True,1.0,character_not_visible;wave_character_missing
54963,2078.933733,,,unknown,0.0,1,"[[496.0, 409.0]]",unknown,unknown,0.0,visual,True,1.0,character_not_visible;wave_character_missing
55013,2080.934067,,,unknown,0.0,2,"[[536.0, 197.0], [1504.0, 765.0]]",unknown,unknown,0.0,visual,True,1.0,character_not_visible;wave_character_missing
55068,2082.955233,,,unknown,0.0,1,"[[1520.0, 765.0]]",unknown,unknown,0.0,visual,True,1.0,character_not_visible;wave_character_missing
55112,2084.9834,,,right,0.55,0,[],unknown,unknown,0.0,visual,True,1.0,character_not_visible;wave_character_missing
55164,2087.0115,,,right,0.55,0,[],unknown,unknown,0.0,visual,True,1.0,character_not_visible;wave_character_missing
55217,2089.039633,,,right,0.55,0,[],unknown,unknown,0.0,visual,True,1.0,character_not_visible;wave_character_missing
55271,2091.0608,,,left,0.55,0,[],unknown,unknown,0.0,visual,True,1.0,character_not_visible;wave_character_missing
55327,2093.082033,,,left,0.55,2,"[[459.0, 723.0], [1618.0, 725.0]]",unknown,unknown,0.0,visual,True,1.0,character_not_visible;wave_character_missing
55383,2095.110133,,,unknown,0.0,1,"[[544.0, 367.0]]",unknown,unknown,0.0,visual,True,1.0,character_not_visible;wave_character_missing
55434,2097.138233,,,right,0.55,2,"[[892.0, 759.0], [686.0, 759.0]]",unknown,unknown,0.0,visual,True,1.0,character_not_visible;wave_character_missing
55489,2099.1386,,,unknown,0.0,1,"[[482.0, 401.0]]",unknown,unknown,0.0,visual,True,1.0,character_not_visible;wave_character_missing
55542,2101.1528,,,unknown,0.0,2,"[[1394.0, 757.0], [1162.0, 757.0]]",unknown,unknown,0.0,visual,True,1.0,character_not_visible;wave_character_missing
55597,2103.174033,,,unknown,0.0,3,"[[556.0, 183.0], [1398.0, 757.0], [786.0, 757.0]]",unknown,unknown,0.0,visual,True,1.0,character_not_visible;wave_character_missing
55651,2105.1952,,,unknown,0.0,2,"[[1398.0, 755.0], [1168.0, 757.0]]",unknown,unknown,0.0,visual,True,1.0,character_not_visible;wave_character_missing
55704,2107.223333,,,unknown,0.0,2,"[[618.0, 401.0], [546.0, 755.0]]",unknown,unknown,0.0,visual,True,1.0,character_not_visible;wave_character_missing
55755,2109.223667,,,unknown,0.0,0,[],unknown,unknown,0.0,visual,True,1.0,character_not_visible;wave_character_missing
55807,2111.2379,,,unknown,0.0,2,"[[458.0, 189.0], [342.0, 401.0]]",unknown,unknown,0.0,visual,True,1.0,character_not_visible;wave_character_missing
55862,2113.2452,,,right,0.55,1,"[[1188.0, 757.0]]",unknown,unknown,0.0,visual,True,1.0,character_not_visible;wave_character_missing
55916,2115.294167,,,right,0.55,0,[],unknown,unknown,0.0,visual,True,1.0,character_not_visible;wave_character_missing
55971,2117.336167,,,right,0.55,0,[],unknown,unknown,0.0,visual,True,1.0,character_not_visible;wave_character_missing
56025,2119.3504,,,left,0.55,0,[],unknown,unknown,0.0,visual,True,1.0,character_not_visible;wave_character_missing
56081,2121.378533,,,left,0.55,1,"[[136.0, 615.0]]",unknown,unknown,0.0,visual,True,1.0,character_not_visible;wave_character_missing
56134,2123.3997,,,left,0.55,0,[],unknown,unknown,0.0,visual,True,1.0,character_not_visible;wave_character_missing
56188,2125.462567,,,right,0.55,1,"[[1157.0, 753.0]]",unknown,unknown,0.0,visual,True,1.0,character_not_visible;wave_character_missing
56240,2127.4768,,,unknown,0.0,2,"[[1222.0, 767.0], [586.0, 193.0]]",unknown,unknown,0.0,visual,True,1.0,character_not_visible;wave_character_missing
56293,2129.477133,,,unknown,0.0,0,[],unknown,unknown,0.0,visual,True,1.0,character_not_visible;wave_character_missing
56344,2131.4775,,,unknown,0.0,2,"[[1100.0, 765.0], [504.0, 407.0]]",unknown,unknown,0.0,visual,True,1.0,character_not_visible;wave_character_missing
56399,2133.491733,,,left,0.55,0,[],unknown,unknown,0.0,visual,True,1.0,character_not_visible;wave_character_missing
56450,2135.526767,,,right,0.55,2,"[[550.0, 231.0], [1050.0, 801.0]]",unknown,unknown,0.0,visual,True,1.0,character_not_visible;wave_character_missing
56504,2137.548,,,unknown,0.0,0,[],unknown,unknown,0.0,visual,True,1.0,character_not_visible;wave_character_missing
56555,2139.569133,,,unknown,0.0,0,[],unknown,unknown,0.0,visual,True,1.0,character_not_visible;wave_character_missing
56608,2141.576467,495.0,495.0,left,0.2671,0,[],inactive,inactive,0.4438,visual,True,1.0,
56662,2143.604567,,,left,0.55,0,[],unknown,unknown,0.0,visual,True,1.0,character_not_visible;wave_character_missing
56714,2145.618833,,,unknown,0.0,0,[],unknown,unknown,0.0,visual,True,1.0,character_not_visible;wave_character_missing
56765,2147.6608,,,unknown,0.0,0,[],unknown,unknown,0.0,visual,True,1.0,character_not_visible;wave_character_missing
56817,2149.661167,,,unknown,0.0,1,"[[397.0, 489.0]]",unknown,unknown,0.0,visual,True,1.0,character_not_visible;wave_character_missing
56870,2151.6754,,,unknown,0.0,0,[],unknown,unknown,0.0,visual,True,1.0,character_not_visible;wave_character_missing
56923,2153.703533,,,unknown,0.0,0,[],unknown,unknown,0.0,visual,True,1.0,character_not_visible;wave_character_missing
56979,2155.731633,,,unknown,0.0,0,[],unknown,unknown,0.0,visual,True,1.0,character_not_visible;wave_character_missing
57033,2157.752833,,,right,0.55,0,[],unknown,unknown,0.0,visual,True,1.0,character_not_visible;wave_character_missing
57087,2159.7532,,,right,0.55,0,[],unknown,unknown,0.0,visual,True,1.0,character_not_visible;wave_character_missing
57137,2161.774367,,,left,0.55,2,"[[694.0, 579.0], [270.0, 723.0]]",unknown,unknown,0.0,visual,True,1.0,character_not_visible;wave_character_missing
57192,2163.788567,,,left,0.55,0,[],unknown,unknown,0.0,visual,True,1.0,character_not_visible;wave_character_missing
